feat_variance	0.0000000e0	0.0000000e0	0.0000000e0	5.5788428e3	4.6273163e2	1.2544000e4	5.1908423e3	1.6256250e4	2.4781882e3	1.5312468e1	8.4541445e3	2.9028384e2	3.4225098e2	0.0000000e0	1.8697018e2	2.4347188e3	2.3677405e3	4.0649413e-4	1.5794783e3	1.6470680e2	1.5999264e3	2.7784778e3	1.2786556e3	4.9460438e1	3.0811234e1	9.9953418e2	0.0000000e0	0.0000000e0	0.0000000e0	5.5788408e3	4.6273154e2	1.2544000e4	5.1908408e3	1.6256250e4	2.4781880e3	1.5313161e1	8.4541445e3	2.9028326e2	3.4225049e2	0.0000000e0	1.8697026e2	2.4347183e3	2.3677397e3	4.0649413e-4	4.3085094e4	1.0656006e4	3.7884242e4	8.2033438e3	1.2800748e3	1.3525400e3	8.0102707e1	9.9953442e2
feat_edge_density	0.0000000e0	0.0000000e0	0.0000000e0	0.0000000e0	0.0000000e0	7.4981105e-1	1.0212766e0	1.0000000e0	8.4051400e-1	0.0000000e0	3.1242126e-1	0.0000000e0	1.6210740e-2	0.0000000e0	0.0000000e0	1.0039216e0	0.0000000e0	0.0000000e0	1.7899359e-2	8.1053702e-3	1.0209389e0	2.1276595e-2	0.0000000e0	1.2293144e-1	0.0000000e0	0.0000000e0	0.0000000e0	0.0000000e0	0.0000000e0	0.0000000e0	0.0000000e0	7.4981105e-1	1.0212766e0	1.0000000e0	8.4051400e-1	0.0000000e0	3.1242126e-1	0.0000000e0	1.6210740e-2	0.0000000e0	0.0000000e0	1.0039216e0	0.0000000e0	0.0000000e0	2.8706519e-2	2.0263424e-2	1.0212766e0	2.1276595e-2	0.0000000e0	4.9037486e-1	2.2289768e-2	0.0000000e0
feat_chroma_complexity	0.0000000e0	0.0000000e0	0.0000000e0	1.5679788e-8	3.8658234e-1	0.0000000e0	5.9807938e-1	0.0000000e0	4.1570091e-1	7.0089921e-3	0.0000000e0	4.1410148e-1	5.6400418e-1	0.0000000e0	4.1686714e-1	4.1787481e-1	3.2642892e-1	3.0775165e-5	3.3719820e-9	3.0643885e-9	5.5153537e-1	2.0700827e-1	4.5989382e-1	7.0973173e-2	2.2284317e-1	8.0444939e-2	0.0000000e0	0.0000000e0	0.0000000e0	5.8295515e-9	3.8658231e-1	0.0000000e0	5.9807932e-1	0.0000000e0	4.1570088e-1	7.0089716e-3	0.0000000e0	4.1410145e-1	5.6400412e-1	0.0000000e0	4.1686711e-1	4.1787478e-1	3.2642889e-1	0.0000000e0	3.0797011e-8	1.7413319e-8	3.9895639e0	3.7010676e-1	4.5970592e-1	5.9732759e-1	2.8868121e-1	8.0444947e-2
feat_cb_sharpness	0.0000000e0	0.0000000e0	0.0000000e0	1.3772328e-8	0.0000000e0	2.9444289e-8	1.1533136e0	0.0000000e0	4.0279162e-1	1.1725631e-3	0.0000000e0	2.1841265e-3	1.4752567e-2	0.0000000e0	9.3307085e-3	3.3794263e-1	9.3803918e-3	0.0000000e0	1.2169514e-9	4.1554438e-10	6.1353952e-1	1.9591137e-4	2.3449985e-2	5.3259201e-2	1.0640892e-2	5.2476703e-4	0.0000000e0	0.0000000e0	0.0000000e0	1.8758861e-8	0.0000000e0	0.0000000e0	1.1533136e0	0.0000000e0	4.0279159e-1	1.1725780e-3	0.0000000e0	2.1841270e-3	1.4752566e-2	0.0000000e0	9.3307076e-3	3.3794257e-1	9.3803909e-3	0.0000000e0	1.8135545e-8	1.5078324e-8	3.9577148e0	3.4031668e-3	2.3468183e-2	4.7847328e-1	1.4982520e-2	5.2476092e-4
feat_cr_sharpness	0.0000000e0	0.0000000e0	0.0000000e0	1.3772328e-8	0.0000000e0	2.9444289e-8	3.1727457e-1	0.0000000e0	2.9689178e-1	2.7490277e-3	0.0000000e0	3.6780576e-3	1.0146281e-2	0.0000000e0	6.4173229e-3	2.8879488e-1	2.1992158e-2	0.0000000e0	1.2169514e-9	4.1554438e-10	5.9032863e-1	1.9591127e-4	8.2960473e-3	4.9905129e-2	3.2523289e-2	5.8014630e-3	0.0000000e0	0.0000000e0	0.0000000e0	1.8758861e-8	0.0000000e0	0.0000000e0	3.1727448e-1	0.0000000e0	2.9689175e-1	2.7490351e-3	0.0000000e0	3.6780578e-3	1.0146280e-2	0.0000000e0	6.4173224e-3	2.8879485e-1	2.1992154e-2	0.0000000e0	1.8135545e-8	1.5078324e-8	4.8847394e0	9.9675136e-4	8.2778474e-3	5.3822881e-1	4.5215219e-2	5.8014616e-3
feat_uniformity	1.0000000e0	1.0000000e0	1.0000000e0	0.0000000e0	1.0000000e0	0.0000000e0	0.0000000e0	0.0000000e0	0.0000000e0	1.0000000e0	6.2500000e-2	1.0000000e0	1.0000000e0	0.0000000e0	1.0000000e0	0.0000000e0	0.0000000e0	1.0000000e0	7.0833331e-1	8.9583331e-1	0.0000000e0	1.0000000e0	1.0000000e0	7.5000000e-1	1.0000000e0	1.8750000e-1	1.0000000e0	1.0000000e0	1.0000000e0	0.0000000e0	1.0000000e0	0.0000000e0	0.0000000e0	0.0000000e0	0.0000000e0	1.0000000e0	6.2500000e-2	1.0000000e0	1.0000000e0	0.0000000e0	1.0000000e0	0.0000000e0	0.0000000e0	1.0000000e0	0.0000000e0	0.0000000e0	0.0000000e0	7.2222221e-1	1.0000000e0	2.5000000e-1	1.0000000e0	1.8750000e-1
feat_flat_color_block_ratio	1.0000000e0	1.0000000e0	1.0000000e0	0.0000000e0	0.0000000e0	0.0000000e0	0.0000000e0	0.0000000e0	0.0000000e0	0.0000000e0	6.2500000e-2	1.0000000e0	1.0000000e0	0.0000000e0	0.0000000e0	0.0000000e0	0.0000000e0	1.0000000e0	2.5000000e-1	7.2916669e-1	0.0000000e0	9.4444442e-1	0.0000000e0	3.7500000e-1	0.0000000e0	6.2500000e-2	1.0000000e0	1.0000000e0	1.0000000e0	0.0000000e0	0.0000000e0	0.0000000e0	0.0000000e0	0.0000000e0	0.0000000e0	0.0000000e0	6.2500000e-2	1.0000000e0	1.0000000e0	0.0000000e0	0.0000000e0	0.0000000e0	0.0000000e0	1.0000000e0	0.0000000e0	0.0000000e0	0.0000000e0	6.6666669e-1	0.0000000e0	0.0000000e0	0.0000000e0	6.2500000e-2
feat_colourfulness	0.0000000e0	0.0000000e0	0.0000000e0	0.0000000e0	1.4970206e2	0.0000000e0	1.8131224e2	0.0000000e0	1.3771422e2	2.4153685e1	0.0000000e0	1.7279660e2	2.1381859e2	0.0000000e0	1.4579449e2	1.3865105e2	1.1799041e2	4.2426407e1	0.0000000e0	0.0000000e0	1.7548770e2	7.5173630e1	1.5757109e2	2.1903481e1	8.9966805e1	5.6547394e1	0.0000000e0	0.0000000e0	0.0000000e0	0.0000000e0	1.4970204e2	0.0000000e0	1.8131223e2	0.0000000e0	1.3771420e2	2.4153687e1	0.0000000e0	1.7279659e2	2.1381856e2	0.0000000e0	1.4579449e2	1.3865105e2	1.1799040e2	4.2437450e1	0.0000000e0	0.0000000e0	1.3206245e3	1.3669580e2	1.5746904e2	1.8791336e2	1.1060402e2	5.6547390e1
feat_laplacian_variance	0.0000000e0	0.0000000e0	0.0000000e0	4.4553940e-6	4.1641306e-7	1.2845058e1	3.2550180e0	1.0067947e1	3.2062776e0	2.9489701e-3	3.3855371e0	8.0598489e-4	2.4476671e-3	0.0000000e0	1.2194724e-8	1.7025232e1	1.5362084e-14	0.0000000e0	1.5752092e-2	8.6056546e-4	2.8795011e0	1.4324063e-2	7.9962479e-7	4.5164652e-2	2.2830823e-3	2.8296623e-5	0.0000000e0	0.0000000e0	0.0000000e0	4.4553672e-6	4.1639566e-7	1.2845055e1	3.2550182e0	1.0067946e1	3.2062771e0	2.9489428e-3	3.3855371e0	8.0598454e-4	2.4476671e-3	0.0000000e0	1.2194434e-8	1.7025230e1	1.9763356e-14	0.0000000e0	4.0804666e-1	4.0409956e-2	7.4639328e1	4.1456275e-2	1.2018012e-10	1.7334001e0	5.1436857e-3	2.8296274e-5
feat_variance_spread	0.0000000e0	0.0000000e0	0.0000000e0	3.1477493e-1	3.1470788e-1	3.0103001e-1	3.0103001e-1	3.0103001e-1	3.6255372e-1	3.9753541e-1	3.5489717e-1	8.4740412e-4	0.0000000e0	0.0000000e0	2.5616696e-1	3.2444650e-1	3.0103290e-1	0.0000000e0	1.2008935e0	1.1787726e0	4.2639527e-1	8.6336935e-1	3.1574363e-1	7.6611996e-1	5.7947892e-1	3.6025396e-1	0.0000000e0	0.0000000e0	0.0000000e0	3.1477705e-1	3.1466481e-1	3.0103001e-1	3.0103001e-1	3.0103001e-1	3.6255372e-1	3.9751279e-1	3.5489717e-1	8.4740412e-4	5.3011230e-5	0.0000000e0	2.5616696e-1	3.2444680e-1	3.0103621e-1	0.0000000e0	1.1938714e0	1.1425672e0	4.2256510e-1	7.6293707e-1	3.0108222e-1	6.9410121e-1	7.2931683e-1	3.6025298e-1
feat_distinct_color_bins	1	1	1	32	32	2	2	2	3711	6	2	16	2	16	32	29783	1024	1	22	7	54	3	32	19	28	36	1	1	1	32	34	2	2	2	3715	6	2	16	2	16	51	29527	784	1	32	32	3	3	32	92	27	34
feat_palette_density	1.5625000e-2	3.9062500e-3	1.5625000e-2	1.0416667e-2	1.0416667e-2	4.8828125e-4	1.3020834e-3	1.3020834e-3	9.0600586e-1	5.8593750e-3	4.8828125e-4	3.9062500e-3	6.5104169e-4	1.0000000e0	1.5625000e-2	9.0890503e-1	1.0000000e0	9.7656250e-4	7.1614585e-3	2.2786458e-3	1.7578125e-2	1.3020834e-3	1.0416667e-2	6.1848960e-3	9.1145830e-3	3.5156250e-2	1.5625000e-2	3.9062500e-3	1.5625000e-2	1.0416667e-2	1.1067708e-2	4.8828125e-4	1.3020834e-3	1.3020834e-3	9.0698242e-1	5.8593750e-3	4.8828125e-4	3.9062500e-3	6.5104169e-4	1.0000000e0	2.4902344e-2	9.0109253e-1	7.6562500e-1	9.7656250e-4	1.0416667e-2	1.0416667e-2	9.7656250e-4	1.3020834e-3	1.0416667e-2	2.9947916e-2	8.7890625e-3	3.3203125e-2
feat_cb_horiz_sharpness	0.0000000e0	0.0000000e0	0.0000000e0	0.0000000e0	0.0000000e0	0.0000000e0	6.0132408e1	0.0000000e0	7.3349299e0	1.6000000e-4	0.0000000e0	2.5500001e-3	2.9826000e-1	0.0000000e0	0.0000000e0	4.8359399e0	0.0000000e0	0.0000000e0	0.0000000e0	0.0000000e0	1.3579240e1	0.0000000e0	1.9999999e-5	2.1393000e-1	8.1399996e-3	1.9999999e-5	0.0000000e0	0.0000000e0	0.0000000e0	0.0000000e0	0.0000000e0	0.0000000e0	6.0012070e1	0.0000000e0	7.3315201e0	1.7000000e-4	0.0000000e0	2.5500001e-3	2.9826000e-1	0.0000000e0	0.0000000e0	4.8349299e0	0.0000000e0	0.0000000e0	0.0000000e0	0.0000000e0	3.4477408e2	0.0000000e0	0.0000000e0	1.0976460e1	1.6150000e-2	2.9999999e-5
feat_cb_vert_sharpness	0.0000000e0	0.0000000e0	0.0000000e0	0.0000000e0	0.0000000e0	0.0000000e0	0.0000000e0	0.0000000e0	1.0561600e1	1.6000000e-4	0.0000000e0	4.0610000e-2	0.0000000e0	0.0000000e0	0.0000000e0	2.7596600e0	0.0000000e0	0.0000000e0	0.0000000e0	0.0000000e0	1.3218610e1	7.4230000e-2	0.0000000e0	1.9074000e-1	7.9600001e-3	1.9999999e-5	0.0000000e0	0.0000000e0	0.0000000e0	0.0000000e0	0.0000000e0	0.0000000e0	0.0000000e0	0.0000000e0	1.0553400e1	1.7000000e-4	0.0000000e0	4.0640000e-2	0.0000000e0	0.0000000e0	0.0000000e0	2.7591300e0	9.9999997e-6	0.0000000e0	0.0000000e0	0.0000000e0	3.3575577e2	1.2819999e-1	0.0000000e0	1.0246710e1	1.5280000e-2	2.9999999e-5
feat_cb_peak_sharpness	0.0000000e0	0.0000000e0	0.0000000e0	0.0000000e0	0.0000000e0	0.0000000e0	6.3000000e1	0.0000000e0	3.7000000e1	0.0000000e0	0.0000000e0	0.0000000e0	1.0000000e1	0.0000000e0	0.0000000e0	3.0000000e1	0.0000000e0	0.0000000e0	0.0000000e0	0.0000000e0	4.6000000e1	0.0000000e0	0.0000000e0	2.0000000e0	0.0000000e0	0.0000000e0	0.0000000e0	0.0000000e0	0.0000000e0	0.0000000e0	0.0000000e0	0.0000000e0	6.3000000e1	0.0000000e0	3.7000000e1	0.0000000e0	0.0000000e0	0.0000000e0	1.0000000e1	0.0000000e0	0.0000000e0	3.0000000e1	0.0000000e0	0.0000000e0	0.0000000e0	0.0000000e0	1.1830000e3	0.0000000e0	0.0000000e0	7.5000000e1	0.0000000e0	0.0000000e0
feat_cr_horiz_sharpness	0.0000000e0	0.0000000e0	0.0000000e0	0.0000000e0	0.0000000e0	0.0000000e0	2.9761749e1	0.0000000e0	1.9337900e1	5.9300000e-3	0.0000000e0	4.5090001e-2	9.1342002e-1	0.0000000e0	0.0000000e0	2.1788401e1	0.0000000e0	0.0000000e0	0.0000000e0	0.0000000e0	7.3009872e1	9.9999997e-6	7.9999998e-5	1.0094900e0	6.9981998e-1	3.0000001e-4	0.0000000e0	0.0000000e0	0.0000000e0	0.0000000e0	0.0000000e0	0.0000000e0	2.9829849e1	0.0000000e0	1.9336630e1	5.8100000e-3	0.0000000e0	4.5090001e-2	9.1342002e-1	2.5000001e-4	1.9999999e-5	2.1783791e1	0.0000000e0	0.0000000e0	0.0000000e0	0.0000000e0	3.0876426e3	0.0000000e0	0.0000000e0	6.9363358e1	1.2126700e0	3.1999999e-4
feat_cr_vert_sharpness	0.0000000e0	0.0000000e0	0.0000000e0	0.0000000e0	1.2000000e-4	0.0000000e0	0.0000000e0	0.0000000e0	3.2049648e1	5.9300000e-3	0.0000000e0	7.1643001e-1	0.0000000e0	0.0000000e0	0.0000000e0	1.7074499e1	0.0000000e0	0.0000000e0	0.0000000e0	0.0000000e0	7.1272614e1	1.1600000e-3	0.0000000e0	9.0340000e-1	7.4221998e-1	3.0000001e-4	0.0000000e0	0.0000000e0	0.0000000e0	0.0000000e0	2.6000000e-4	0.0000000e0	0.0000000e0	0.0000000e0	3.2043968e1	5.8100000e-3	0.0000000e0	7.1561003e-1	0.0000000e0	0.0000000e0	0.0000000e0	1.7071779e1	5.9999998e-5	0.0000000e0	0.0000000e0	0.0000000e0	3.0335935e3	6.6480003e-2	0.0000000e0	6.4582458e1	1.2336500e0	3.1999999e-4
feat_cr_peak_sharpness	0.0000000e0	0.0000000e0	0.0000000e0	0.0000000e0	0.0000000e0	0.0000000e0	3.1000000e1	0.0000000e0	1.6100000e2	0.0000000e0	0.0000000e0	7.0000000e0	3.1000000e1	0.0000000e0	0.0000000e0	1.2000000e2	0.0000000e0	0.0000000e0	0.0000000e0	0.0000000e0	2.2800000e2	0.0000000e0	0.0000000e0	1.2000000e1	2.5000000e1	0.0000000e0	0.0000000e0	0.0000000e0	0.0000000e0	0.0000000e0	0.0000000e0	0.0000000e0	3.1000000e1	0.0000000e0	1.6100000e2	0.0000000e0	0.0000000e0	7.0000000e0	3.1000000e1	0.0000000e0	0.0000000e0	1.2000000e2	0.0000000e0	0.0000000e0	0.0000000e0	0.0000000e0	8.6480000e3	0.0000000e0	0.0000000e0	4.8400000e2	4.8000000e1	0.0000000e0
feat_high_freq_energy_ratio	0.0000000e0	0.0000000e0	0.0000000e0	7.5303239e-4	1.0232541e-3	4.3733850e0	4.5886822e0	1.1871933e1	8.9004593e0	3.5632244e-1	3.9346713e-1	0.0000000e0	0.0000000e0	0.0000000e0	3.0146690e-2	7.8113236e0	9.0751378e-4	0.0000000e0	8.0927365e-2	7.4889913e-2	4.7978619e1	3.7944403e-3	1.8205873e-3	2.2067699e1	6.0150373e-1	1.9897884e-3	0.0000000e0	0.0000000e0	0.0000000e0	8.8946644e-4	8.7165972e-3	4.3733854e0	4.5886822e0	1.1871932e1	8.8884792e0	3.2396644e-1	3.9346713e-1	0.0000000e0	0.0000000e0	0.0000000e0	3.6058310e-2	7.7989388e0	1.0504670e-3	0.0000000e0	8.0081679e-2	6.8923891e-2	5.3532162e1	8.2233775e-4	2.5251284e-3	3.4928841e1	5.0326681e-1	2.4498017e-3
feat_luma_histogram_entropy	0.0000000e0	0.0000000e0	0.0000000e0	4.0000000e0	3.1014097e0	1.0000000e0	0.0000000e0	1.0000000e0	4.3990617e0	1.0000000e0	9.8723835e-1	2.7334585e0	1.0000000e0	0.0000000e0	2.4471693e0	4.4107490e0	4.3647799e0	0.0000000e0	2.8904717e0	1.9012105e0	3.5855000e0	9.1829580e-1	3.6250000e0	8.6648822e-1	1.4681773e0	3.5923507e0	0.0000000e0	0.0000000e0	0.0000000e0	4.0000000e0	3.0859282e0	1.0000000e0	0.0000000e0	1.0000000e0	4.3979897e0	9.8869944e-1	9.8723835e-1	2.7334585e0	1.0000000e0	0.0000000e0	2.5065484e0	4.4062996e0	4.3647799e0	0.0000000e0	4.0376887e0	4.2507000e0	1.5849626e0	9.1829580e-1	3.6250000e0	2.9583323e0	1.4614828e0	3.5974190e0
feat_dct_compressibility_y	0.0000000e0	0.0000000e0	0.0000000e0	1.3000000e1	4.0000000e0	1.4900000e2	1.2100000e2	2.1200000e2	9.2718750e1	0.0000000e0	1.4250000e2	0.0000000e0	0.0000000e0	0.0000000e0	0.0000000e0	7.8837891e1	1.6000000e1	0.0000000e0	1.0187500e1	1.8750000e0	5.5916668e1	0.0000000e0	4.0000000e0	2.2083333e0	0.0000000e0	6.5000000e0	0.0000000e0	0.0000000e0	0.0000000e0	1.3500000e1	4.0000000e0	1.4900000e2	1.2100000e2	2.1200000e2	9.1578125e1	0.0000000e0	1.4250000e2	0.0000000e0	0.0000000e0	0.0000000e0	0.0000000e0	7.7287109e1	1.6000000e1	0.0000000e0	5.5687500e1	2.8708334e1	8.5995831e2	2.8888888e0	4.0000000e0	3.1625000e1	1.0000000e0	6.5000000e0
feat_dct_compressibility_uv	0.0000000e0	0.0000000e0	0.0000000e0	0.0000000e0	2.8125000e1	0.0000000e0	2.7300000e2	0.0000000e0	3.8229688e2	0.0000000e0	0.0000000e0	0.0000000e0	0.0000000e0	0.0000000e0	8.0000000e0	2.6544141e2	3.1000000e1	0.0000000e0	0.0000000e0	0.0000000e0	4.1020834e2	2.2222222e-1	2.4000000e1	1.3375000e1	8.7500000e0	6.5000000e0	0.0000000e0	0.0000000e0	0.0000000e0	0.0000000e0	2.8000000e1	0.0000000e0	2.7300000e2	0.0000000e0	3.8200000e2	0.0000000e0	0.0000000e0	0.0000000e0	0.0000000e0	0.0000000e0	8.0000000e0	2.6437305e2	3.0500000e1	0.0000000e0	0.0000000e0	0.0000000e0	2.3770417e3	3.1111112e0	2.4500000e1	4.3158334e2	1.4625000e1	6.5000000e0
feat_patch_fraction	0.0000000e0	1.0000000e0	0.0000000e0	1.0000000e0	1.0000000e0	1.0000000e0	1.0000000e0	1.0000000e0	0.0000000e0	1.0000000e0	1.0000000e0	1.0000000e0	1.0000000e0	0.0000000e0	1.0000000e0	6.8457031e-1	3.1250000e-1	1.0000000e0	6.6666669e-1	6.6666669e-1	1.0000000e0	1.0000000e0	1.0000000e0	1.0000000e0	1.0000000e0	8.7500000e-1	0.0000000e0	1.0000000e0	0.0000000e0	1.0000000e0	1.0000000e0	1.0000000e0	1.0000000e0	1.0000000e0	0.0000000e0	1.0000000e0	1.0000000e0	1.0000000e0	1.0000000e0	0.0000000e0	1.0000000e0	6.8554688e-1	1.2500000e-1	1.0000000e0	6.6666669e-1	6.6666669e-1	1.0000000e0	1.0000000e0	1.0000000e0	1.0000000e0	1.0000000e0	8.7500000e-1
feat_alpha_present	0	0	0	0	0	0	0	0	0	0	0	0	0	0	0	0	1	1	0	0	0	0	0	0	0	0	0	0	0	0	0	0	0	0	0	0	0	0	0	0	0	0	1	1	0	0	0	0	0	0	0	0
feat_alpha_used_fraction	0.0000000e0	0.0000000e0	0.0000000e0	0.0000000e0	0.0000000e0	0.0000000e0	0.0000000e0	0.0000000e0	0.0000000e0	0.0000000e0	0.0000000e0	0.0000000e0	0.0000000e0	0.0000000e0	0.0000000e0	0.0000000e0	0.0000000e0	1.0000000e0	0.0000000e0	0.0000000e0	0.0000000e0	0.0000000e0	0.0000000e0	0.0000000e0	0.0000000e0	0.0000000e0	0.0000000e0	0.0000000e0	0.0000000e0	0.0000000e0	0.0000000e0	0.0000000e0	0.0000000e0	0.0000000e0	0.0000000e0	0.0000000e0	0.0000000e0	0.0000000e0	0.0000000e0	0.0000000e0	0.0000000e0	0.0000000e0	0.0000000e0	1.0000000e0	0.0000000e0	0.0000000e0	0.0000000e0	0.0000000e0	0.0000000e0	0.0000000e0	0.0000000e0	0.0000000e0
feat_alpha_bimodal_score	0.0000000e0	0.0000000e0	0.0000000e0	0.0000000e0	0.0000000e0	0.0000000e0	0.0000000e0	0.0000000e0	0.0000000e0	0.0000000e0	0.0000000e0	0.0000000e0	0.0000000e0	0.0000000e0	0.0000000e0	0.0000000e0	0.0000000e0	1.1718750e-1	0.0000000e0	0.0000000e0	0.0000000e0	0.0000000e0	0.0000000e0	0.0000000e0	0.0000000e0	0.0000000e0	0.0000000e0	0.0000000e0	0.0000000e0	0.0000000e0	0.0000000e0	0.0000000e0	0.0000000e0	0.0000000e0	0.0000000e0	0.0000000e0	0.0000000e0	0.0000000e0	0.0000000e0	0.0000000e0	0.0000000e0	0.0000000e0	0.0000000e0	1.1718750e-1	0.0000000e0	0.0000000e0	0.0000000e0	0.0000000e0	0.0000000e0	0.0000000e0	0.0000000e0	0.0000000e0
feat_palette_fits_in_256	1	1	1	1	1	1	1	1	0	1	1	1	1	1	1	0	0	1	1	1	1	1	1	1	1	1	1	1	1	1	1	1	1	1	0	1	1	1	1	1	1	0	0	1	1	1	1	1	1	1	1	1
feat_peak_luminance_nits	8.0000000e1	8.0000000e1	8.0000000e1	8.0000000e1	8.0000000e1	8.0000000e1	8.0000000e1	8.0000000e1	8.0000000e1	8.0000000e1	8.0000000e1	8.0000000e1	8.0000000e1	8.0000000e1	8.0000000e1	8.0000000e1	8.0000000e1	8.0000000e1	3.9164312e3	3.8586496e2	3.3424211e3	2.1239922e2	8.0000000e1	2.0475420e2	5.1736179e1	8.0000000e1	8.0000000e1	8.0000000e1	8.0000000e1	8.0000000e1	8.0000000e1	8.0000000e1	8.0000000e1	8.0000000e1	8.0000000e1	8.0000000e1	8.0000000e1	8.0000000e1	8.0000000e1	8.0000000e1	8.0000000e1	8.0000000e1	8.0000000e1	8.0000000e1	3.9164312e3	3.8586496e2	3.3424211e3	2.1239922e2	8.0000000e1	2.0475420e2	5.1736179e1	8.0000000e1
feat_p99_luminance_nits	8.0000000e1	8.0000000e1	8.0000000e1	8.0000000e1	8.0000000e1	8.0000000e1	8.0000000e1	8.0000000e1	8.0000000e1	8.0000000e1	8.0000000e1	8.0000000e1	8.0000000e1	8.0000000e1	8.0000000e1	8.0000000e1	8.0000000e1	8.0000000e1	3.6646257e3	3.6202026e2	3.2706013e3	2.1239922e2	8.0000000e1	1.8957549e2	5.1521774e1	8.0000000e1	8.0000000e1	8.0000000e1	8.0000000e1	8.0000000e1	8.0000000e1	8.0000000e1	8.0000000e1	8.0000000e1	8.0000000e1	8.0000000e1	8.0000000e1	8.0000000e1	8.0000000e1	8.0000000e1	8.0000000e1	8.0000000e1	8.0000000e1	8.0000000e1	3.6646257e3	3.6202026e2	3.2706013e3	2.1239922e2	8.0000000e1	1.8957549e2	5.1521774e1	8.0000000e1
feat_hdr_headroom_stops	0.0000000e0	0.0000000e0	0.0000000e0	0.0000000e0	0.0000000e0	0.0000000e0	0.0000000e0	0.0000000e0	0.0000000e0	0.0000000e0	0.0000000e0	0.0000000e0	0.0000000e0	0.0000000e0	0.0000000e0	0.0000000e0	0.0000000e0	0.0000000e0	5.6133957e0	2.2700241e0	5.3847499e0	1.4087065e0	0.0000000e0	1.3558211e0	0.0000000e0	0.0000000e0	0.0000000e0	0.0000000e0	0.0000000e0	0.0000000e0	0.0000000e0	0.0000000e0	0.0000000e0	0.0000000e0	0.0000000e0	0.0000000e0	0.0000000e0	0.0000000e0	0.0000000e0	0.0000000e0	0.0000000e0	0.0000000e0	0.0000000e0	0.0000000e0	5.6133957e0	2.2700241e0	5.3847499e0	1.4087065e0	0.0000000e0	1.3558211e0	0.0000000e0	0.0000000e0
feat_hdr_pixel_fraction	0.0000000e0	0.0000000e0	0.0000000e0	0.0000000e0	0.0000000e0	0.0000000e0	0.0000000e0	0.0000000e0	0.0000000e0	0.0000000e0	0.0000000e0	0.0000000e0	0.0000000e0	0.0000000e0	0.0000000e0	0.0000000e0	0.0000000e0	0.0000000e0	4.0234375e-1	1.1328125e-1	9.1145831e-1	2.8472221e-1	0.0000000e0	4.6875000e-2	0.0000000e0	0.0000000e0	0.0000000e0	0.0000000e0	0.0000000e0	0.0000000e0	0.0000000e0	0.0000000e0	0.0000000e0	0.0000000e0	0.0000000e0	0.0000000e0	0.0000000e0	0.0000000e0	0.0000000e0	0.0000000e0	0.0000000e0	0.0000000e0	0.0000000e0	0.0000000e0	4.0234375e-1	1.1328125e-1	9.1145831e-1	2.8472221e-1	0.0000000e0	4.6875000e-2	0.0000000e0	0.0000000e0
feat_wide_gamut_peak	1.0000000e0	1.0000000e0	1.0000000e0	1.0000000e0	1.0000000e0	1.0000000e0	1.0000000e0	1.0000000e0	1.0000000e0	1.0000000e0	1.0000000e0	1.0000000e0	1.0000000e0	1.0000000e0	1.0000000e0	1.0000000e0	1.0000000e0	1.0000000e0	3.9164311e-1	3.8586497e-2	4.9298248e-1	3.9479167e0	1.0000000e0	3.0199744e-2	1.8049428e-1	1.0000000e0	1.0000000e0	1.0000000e0	1.0000000e0	1.0000000e0	1.0000000e0	1.0000000e0	1.0000000e0	1.0000000e0	1.0000000e0	1.0000000e0	1.0000000e0	1.0000000e0	1.0000000e0	1.0000000e0	1.0000000e0	1.0000000e0	1.0000000e0	1.0000000e0	3.9164311e-1	3.8586497e-2	4.9298248e-1	3.9479167e0	1.0000000e0	3.0199744e-2	1.8049428e-1	1.0000000e0
feat_wide_gamut_fraction	0.0000000e0	0.0000000e0	0.0000000e0	0.0000000e0	0.0000000e0	0.0000000e0	0.0000000e0	0.0000000e0	0.0000000e0	0.0000000e0	0.0000000e0	0.0000000e0	0.0000000e0	0.0000000e0	0.0000000e0	0.0000000e0	0.0000000e0	0.0000000e0	0.0000000e0	0.0000000e0	0.0000000e0	3.3333334e-1	0.0000000e0	0.0000000e0	0.0000000e0	0.0000000e0	0.0000000e0	0.0000000e0	0.0000000e0	0.0000000e0	0.0000000e0	0.0000000e0	0.0000000e0	0.0000000e0	0.0000000e0	0.0000000e0	0.0000000e0	0.0000000e0	0.0000000e0	0.0000000e0	0.0000000e0	0.0000000e0	0.0000000e0	0.0000000e0	0.0000000e0	0.0000000e0	0.0000000e0	3.3333334e-1	0.0000000e0	0.0000000e0	0.0000000e0	0.0000000e0
feat_effective_bit_depth	8	8	8	8	8	8	8	8	8	8	8	8	8	8	8	8	8	8	12	12	10	32	12	10	12	8	8	8	8	8	8	8	8	8	8	8	8	8	8	8	8	8	8	8	12	12	10	32	12	10	12	8
feat_hdr_present	0	0	0	0	0	0	0	0	0	0	0	0	0	0	0	0	0	0	1	1	1	1	0	1	0	0	0	0	0	0	0	0	0	0	0	0	0	0	0	0	0	0	0	0	1	1	1	1	0	1	0	0
feat_grayscale_score	1.0000000e0	1.0000000e0	1.0000000e0	1.0000000e0	1.5625000e-2	1.0000000e0	0.0000000e0	1.0000000e0	0.0000000e0	0.0000000e0	1.0000000e0	0.0000000e0	0.0000000e0	0.0000000e0	0.0000000e0	5.9509277e-4	9.7656250e-4	0.0000000e0	1.0000000e0	1.0000000e0	0.0000000e0	0.0000000e0	0.0000000e0	4.6354166e-1	0.0000000e0	2.9296875e-3	1.0000000e0	1.0000000e0	1.0000000e0	1.0000000e0	3.1250000e-2	1.0000000e0	0.0000000e0	1.0000000e0	0.0000000e0	0.0000000e0	1.0000000e0	0.0000000e0	0.0000000e0	0.0000000e0	0.0000000e0	5.6457520e-4	9.7656250e-4	0.0000000e0	1.0000000e0	1.0000000e0	0.0000000e0	0.0000000e0	0.0000000e0	8.8541664e-2	0.0000000e0	2.9296875e-3
feat_aq_map_mean	0.0000000e0	0.0000000e0	0.0000000e0	3.6091576e0	2.5276296e0	5.7707219e0	5.3909650e0	5.8850079e0	5.0591030e0	2.7655411e0	5.2517242e0	-5.6246091e-7	-5.6246091e-7	0.0000000e0	1.5837926e0	4.9607139e0	3.8381402e0	-5.6246091e-7	2.5641317e0	1.8783134e0	4.7791615e0	1.3801618e-1	2.9732540e0	2.0481813e0	1.9003801e0	3.1415849e0	0.0000000e0	0.0000000e0	0.0000000e0	3.6075354e0	2.5415285e0	5.7661867e0	5.3909650e0	5.8810325e0	5.0561962e0	2.8183196e0	5.2517242e0	-5.6246091e-7	-5.6246091e-7	0.0000000e0	1.5712725e0	4.9576349e0	3.8391161e0	-5.6246091e-7	4.1745958e0	3.9359887e0	6.1940804e0	1.0720747e0	2.9627111e0	3.9414113e0	1.8808645e0	3.1444521e0
feat_aq_map_std	0.0000000e0	0.0000000e0	0.0000000e0	1.5394172e-2	0.0000000e0	1.9516418e-3	0.0000000e0	0.0000000e0	8.6607113e-2	2.4049672e-1	1.3598193e0	0.0000000e0	1.5318417e-10	0.0000000e0	7.1910873e-2	1.4381920e-2	1.0821746e-2	4.6374442e-11	1.0846512e0	9.0245032e-1	2.3309377e-1	5.6905729e-1	2.1108883e-2	1.2331252e0	4.5066020e-1	9.9660629e-1	0.0000000e0	0.0000000e0	0.0000000e0	2.2469854e-2	4.7244217e-2	2.7208966e-3	0.0000000e0	1.3259840e-3	8.6272992e-2	2.3398881e-1	1.3598193e0	0.0000000e0	1.5318417e-10	0.0000000e0	9.3764506e-2	1.4526042e-2	7.9364171e-3	4.6374442e-11	9.4684112e-1	5.7320100e-1	2.2151493e-1	1.5180095e0	1.9285275e-2	1.0558271e0	7.2202224e-1	9.9793124e-1
feat_noise_floor_y	2.0728464e-7	6.2221837e-8	1.0569902e-7	5.0362247e-1	1.4782630e-1	1.0000000e0	1.0000000e0	1.0000000e0	5.8886361e-1	1.4638726e-1	1.0000000e0	5.5853633e-9	1.0569902e-7	0.0000000e0	4.2013668e-2	6.6864389e-1	6.6116333e-1	5.2153538e-8	3.7184834e-2	2.6948208e-2	2.2309878e-1	4.0840526e-8	2.3437521e-1	2.0728464e-7	1.5702151e-2	6.3524276e-2	2.0728464e-7	2.3421077e-8	1.8814103e-7	4.8806068e-1	1.3755061e-1	1.0000000e0	1.0000000e0	1.0000000e0	5.8657771e-1	1.5688173e-1	1.0000000e0	5.5853633e-9	9.8073663e-8	0.0000000e0	4.2013679e-2	6.6732526e-1	6.6116333e-1	5.2153538e-8	4.9139398e-1	5.0919610e-1	9.3931824e-1	2.3421077e-8	2.3614812e-1	4.3860637e-2	9.3873180e-3	6.3524276e-2
feat_noise_floor_uv	0.0000000e0	0.0000000e0	0.0000000e0	0.0000000e0	4.7719371e-1	0.0000000e0	1.0000000e0	0.0000000e0	7.1515638e-1	4.4890609e-2	0.0000000e0	1.4226637e-8	4.9036831e-8	0.0000000e0	1.6988049e-1	1.0000000e0	6.7907679e-1	6.1754548e-8	0.0000000e0	0.0000000e0	2.8147084e-1	1.6968645e-8	4.1572875e-1	0.0000000e0	3.7627179e-2	3.3946231e-2	0.0000000e0	0.0000000e0	0.0000000e0	0.0000000e0	4.6644890e-1	0.0000000e0	1.0000000e0	0.0000000e0	7.0784903e-1	4.7229595e-2	0.0000000e0	1.4226637e-8	4.9036831e-8	0.0000000e0	1.6988048e-1	1.0000000e0	6.7464173e-1	6.1754548e-8	0.0000000e0	0.0000000e0	1.0000000e0	1.6968645e-8	4.1760188e-1	1.9471798e-2	9.7104967e-2	3.3946231e-2
feat_gamut_coverage_srgb	1.0000000e0	1.0000000e0	1.0000000e0	1.0000000e0	1.0000000e0	1.0000000e0	1.0000000e0	1.0000000e0	1.0000000e0	1.0000000e0	1.0000000e0	1.0000000e0	1.0000000e0	1.0000000e0	1.0000000e0	1.0000000e0	1.0000000e0	1.0000000e0	1.0000000e0	1.0000000e0	1.5625000e-2	1.0000000e0	1.0000000e0	9.7916669e-1	5.6250000e-1	1.0000000e0	1.0000000e0	1.0000000e0	1.0000000e0	1.0000000e0	1.0000000e0	1.0000000e0	1.0000000e0	1.0000000e0	1.0000000e0	1.0000000e0	1.0000000e0	1.0000000e0	1.0000000e0	1.0000000e0	1.0000000e0	1.0000000e0	1.0000000e0	1.0000000e0	1.0000000e0	1.0000000e0	1.5625000e-2	1.0000000e0	1.0000000e0	9.7916669e-1	5.6250000e-1	1.0000000e0
feat_gamut_coverage_p3	1.0000000e0	1.0000000e0	1.0000000e0	1.0000000e0	1.0000000e0	1.0000000e0	1.0000000e0	1.0000000e0	1.0000000e0	1.0000000e0	1.0000000e0	1.0000000e0	1.0000000e0	1.0000000e0	1.0000000e0	1.0000000e0	1.0000000e0	1.0000000e0	1.0000000e0	1.0000000e0	4.1666668e-2	1.0000000e0	1.0000000e0	1.0000000e0	7.1875000e-1	1.0000000e0	1.0000000e0	1.0000000e0	1.0000000e0	1.0000000e0	1.0000000e0	1.0000000e0	1.0000000e0	1.0000000e0	1.0000000e0	1.0000000e0	1.0000000e0	1.0000000e0	1.0000000e0	1.0000000e0	1.0000000e0	1.0000000e0	1.0000000e0	1.0000000e0	1.0000000e0	1.0000000e0	4.1666668e-2	1.0000000e0	1.0000000e0	1.0000000e0	7.1875000e-1	1.0000000e0
feat_gradient_fraction	0.0000000e0	0.0000000e0	0.0000000e0	1.0000000e0	1.0000000e0	0.0000000e0	0.0000000e0	0.0000000e0	0.0000000e0	5.0000000e-1	9.3750000e-2	0.0000000e0	0.0000000e0	0.0000000e0	1.0000000e0	0.0000000e0	1.0000000e0	0.0000000e0	9.1666669e-1	7.2916669e-1	0.0000000e0	5.5555556e-2	1.0000000e0	0.0000000e0	0.0000000e0	9.3750000e-1	0.0000000e0	0.0000000e0	0.0000000e0	1.0000000e0	1.0000000e0	0.0000000e0	0.0000000e0	0.0000000e0	0.0000000e0	5.0000000e-1	9.3750000e-2	0.0000000e0	0.0000000e0	0.0000000e0	1.0000000e0	0.0000000e0	1.0000000e0	0.0000000e0	1.0000000e0	1.0000000e0	0.0000000e0	3.3333334e-1	1.0000000e0	0.0000000e0	0.0000000e0	9.3750000e-1
feat_skin_tone_fraction	0.0000000e0	0.0000000e0	0.0000000e0	0.0000000e0	0.0000000e0	0.0000000e0	0.0000000e0	0.0000000e0	8.6181641e-2	1.0000000e0	0.0000000e0	1.8750000e-1	0.0000000e0	0.0000000e0	1.1718750e-1	8.4106445e-2	1.1816406e-1	0.0000000e0	0.0000000e0	0.0000000e0	0.0000000e0	6.6666669e-1	7.8125000e-2	0.0000000e0	2.8125000e-1	0.0000000e0	0.0000000e0	0.0000000e0	0.0000000e0	0.0000000e0	0.0000000e0	0.0000000e0	0.0000000e0	0.0000000e0	8.6181641e-2	1.0000000e0	0.0000000e0	1.8750000e-1	0.0000000e0	0.0000000e0	1.1718750e-1	8.4106445e-2	1.1816406e-1	0.0000000e0	0.0000000e0	0.0000000e0	0.0000000e0	6.6666669e-1	7.8125000e-2	0.0000000e0	2.8125000e-1	0.0000000e0
feat_edge_slope_stdev	0.0000000e0	0.0000000e0	0.0000000e0	0.0000000e0	0.0000000e0	4.3387459e1	6.8208799e-2	7.4853289e-1	5.7477707e1	0.0000000e0	1.3973529e1	0.0000000e0	3.8073409e-2	0.0000000e0	0.0000000e0	2.3435114e1	0.0000000e0	0.0000000e0	3.0784616e1	3.1354964e0	3.7950603e1	1.2482703e0	0.0000000e0	5.6545749e0	0.0000000e0	0.0000000e0	0.0000000e0	0.0000000e0	0.0000000e0	0.0000000e0	0.0000000e0	4.3387455e1	6.4507835e-2	7.4329603e-1	5.7477703e1	0.0000000e0	1.3973529e1	0.0000000e0	3.6954850e-2	0.0000000e0	0.0000000e0	2.3435112e1	0.0000000e0	0.0000000e0	2.0684319e2	5.3950390e1	2.2353133e2	3.5114334e1	0.0000000e0	5.2419376e1	4.1644378e0	0.0000000e0
feat_patch_fraction_fast	0.0000000e0	1.0000000e0	0.0000000e0	1.0000000e0	1.0000000e0	1.0000000e0	1.0000000e0	1.0000000e0	7.6562500e-1	1.0000000e0	1.0000000e0	1.0000000e0	1.0000000e0	0.0000000e0	1.0000000e0	1.0000000e0	1.0000000e0	1.0000000e0	8.3333331e-1	6.6666669e-1	1.0000000e0	1.0000000e0	1.0000000e0	1.0000000e0	1.0000000e0	9.3750000e-1	0.0000000e0	1.0000000e0	0.0000000e0	1.0000000e0	1.0000000e0	1.0000000e0	1.0000000e0	1.0000000e0	5.4687500e-1	1.0000000e0	1.0000000e0	1.0000000e0	1.0000000e0	0.0000000e0	1.0000000e0	1.0000000e0	1.0000000e0	1.0000000e0	1.0000000e0	1.0000000e0	1.0000000e0	1.0000000e0	1.0000000e0	1.0000000e0	1.0000000e0	9.3750000e-1
feat_quant_survival_y	0.0000000e0	0.0000000e0	0.0000000e0	1.5873017e-2	1.5873017e-2	1.7460318e-1	6.3492067e-2	6.3492067e-2	4.2237103e-1	3.1746034e-2	3.0505952e-1	0.0000000e0	0.0000000e0	0.0000000e0	0.0000000e0	4.0452939e-1	3.1746034e-2	0.0000000e0	1.9179896e-2	7.6058204e-3	2.1825397e-1	8.8183425e-4	1.5873017e-2	1.3227514e-3	0.0000000e0	2.5793653e-2	0.0000000e0	0.0000000e0	0.0000000e0	1.5873017e-2	1.5873017e-2	1.7460318e-1	6.3492067e-2	6.3492067e-2	4.2237103e-1	3.1746034e-2	3.0505952e-1	0.0000000e0	0.0000000e0	0.0000000e0	0.0000000e0	3.9890254e-1	3.1746034e-2	0.0000000e0	3.8690478e-2	2.8769843e-2	6.6931218e-1	5.2910056e-3	1.5873017e-2	1.1111111e-1	3.9682542e-3	2.5793653e-2
feat_quant_survival_uv	0.0000000e0	0.0000000e0	0.0000000e0	0.0000000e0	1.5873017e-2	0.0000000e0	6.3492067e-2	0.0000000e0	4.1790676e-1	0.0000000e0	0.0000000e0	0.0000000e0	0.0000000e0	0.0000000e0	1.5873017e-2	2.3795573e-1	3.1746034e-2	0.0000000e0	0.0000000e0	0.0000000e0	2.9828042e-1	8.8183425e-4	1.5873017e-2	1.3227514e-2	1.1904763e-2	2.5793653e-2	0.0000000e0	0.0000000e0	0.0000000e0	0.0000000e0	1.5873017e-2	0.0000000e0	6.3492067e-2	0.0000000e0	4.1716272e-1	0.0000000e0	0.0000000e0	0.0000000e0	0.0000000e0	0.0000000e0	1.5873017e-2	2.3759921e-1	3.1746034e-2	0.0000000e0	0.0000000e0	0.0000000e0	8.5515875e-1	5.2910056e-3	1.5873017e-2	2.2751324e-1	1.3888890e-2	2.5793653e-2
feat_is_grayscale	1	1	1	1	0	1	0	1	0	0	1	0	0	0	0	0	0	0	1	1	0	0	0	0	0	0	1	1	1	1	0	1	0	1	0	0	1	0	0	0	0	0	0	0	1	1	0	0	0	0	0	0
feat_pixel_count	64	256	64	3072	3072	4096	1536	1536	4096	1024	4096	4096	3072	16	2048	65536	1024	1024	3072	3072	3072	2304	3072	3072	3072	1024	64	256	64	3072	3072	4096	1536	1536	4096	1024	4096	4096	3072	16	2048	65536	1024	1024	3072	3072	3072	2304	3072	3072	3072	1024
feat_log_pixels	4.1588831e0	5.5451775e0	4.1588831e0	8.0300837e0	8.0300837e0	8.3177662e0	7.3369370e0	7.3369370e0	8.3177662e0	6.9314718e0	8.3177662e0	8.3177662e0	8.0300837e0	2.7725887e0	7.6246190e0	1.1090355e1	6.9314718e0	6.9314718e0	8.0300837e0	8.0300837e0	8.0300837e0	7.7424021e0	8.0300837e0	8.0300837e0	8.0300837e0	6.9314718e0	4.1588831e0	5.5451775e0	4.1588831e0	8.0300837e0	8.0300837e0	8.3177662e0	7.3369370e0	7.3369370e0	8.3177662e0	6.9314718e0	8.3177662e0	8.3177662e0	8.0300837e0	2.7725887e0	7.6246190e0	1.1090355e1	6.9314718e0	6.9314718e0	8.0300837e0	8.0300837e0	8.0300837e0	7.7424021e0	8.0300837e0	8.0300837e0	8.0300837e0	6.9314718e0
feat_min_dim	8	16	8	48	48	64	32	32	64	32	64	64	48	4	16	256	32	32	48	48	48	48	48	48	48	32	8	16	8	48	48	64	32	32	64	32	64	64	48	4	16	256	32	32	48	48	48	48	48	48	48	32
feat_max_dim	8	16	8	64	64	64	48	48	64	32	64	64	64	4	128	256	32	32	64	64	64	48	64	64	64	32	8	16	8	64	64	64	48	48	64	32	64	64	64	4	128	256	32	32	64	64	64	48	64	64	64	32
feat_bitmap_bytes	1.9200000e2	7.6800000e2	1.9200000e2	9.2160000e3	9.2160000e3	1.2288000e4	4.6080000e3	4.6080000e3	1.2288000e4	3.0720000e3	1.2288000e4	1.2288000e4	9.2160000e3	4.8000000e1	6.1440000e3	1.9660800e5	4.0960000e3	4.0960000e3	1.8432000e4	1.8432000e4	1.8432000e4	2.7648000e4	1.8432000e4	1.8432000e4	1.8432000e4	4.0960000e3	1.9200000e2	7.6800000e2	1.9200000e2	9.2160000e3	9.2160000e3	1.2288000e4	4.6080000e3	4.6080000e3	1.2288000e4	3.0720000e3	1.2288000e4	1.2288000e4	9.2160000e3	4.8000000e1	6.1440000e3	1.9660800e5	4.0960000e3	4.0960000e3	1.8432000e4	1.8432000e4	1.8432000e4	2.7648000e4	1.8432000e4	1.8432000e4	1.8432000e4	4.0960000e3
feat_aspect_min_over_max	1.0000000e0	1.0000000e0	1.0000000e0	7.5000000e-1	7.5000000e-1	1.0000000e0	6.6666669e-1	6.6666669e-1	1.0000000e0	1.0000000e0	1.0000000e0	1.0000000e0	7.5000000e-1	1.0000000e0	1.2500000e-1	1.0000000e0	1.0000000e0	1.0000000e0	7.5000000e-1	7.5000000e-1	7.5000000e-1	1.0000000e0	7.5000000e-1	7.5000000e-1	7.5000000e-1	1.0000000e0	1.0000000e0	1.0000000e0	1.0000000e0	7.5000000e-1	7.5000000e-1	1.0000000e0	6.6666669e-1	6.6666669e-1	1.0000000e0	1.0000000e0	1.0000000e0	1.0000000e0	7.5000000e-1	1.0000000e0	1.2500000e-1	1.0000000e0	1.0000000e0	1.0000000e0	7.5000000e-1	7.5000000e-1	7.5000000e-1	1.0000000e0	7.5000000e-1	7.5000000e-1	7.5000000e-1	1.0000000e0
feat_log_aspect_abs	0.0000000e0	0.0000000e0	0.0000000e0	2.8768212e-1	2.8768212e-1	0.0000000e0	4.0546510e-1	4.0546510e-1	0.0000000e0	0.0000000e0	0.0000000e0	0.0000000e0	2.8768212e-1	0.0000000e0	2.0794415e0	0.0000000e0	0.0000000e0	0.0000000e0	2.8768212e-1	2.8768212e-1	2.8768212e-1	0.0000000e0	2.8768212e-1	2.8768212e-1	2.8768212e-1	0.0000000e0	0.0000000e0	0.0000000e0	0.0000000e0	2.8768212e-1	2.8768212e-1	0.0000000e0	4.0546510e-1	4.0546510e-1	0.0000000e0	0.0000000e0	0.0000000e0	0.0000000e0	2.8768212e-1	0.0000000e0	2.0794415e0	0.0000000e0	0.0000000e0	0.0000000e0	2.8768212e-1	2.8768212e-1	2.8768212e-1	0.0000000e0	2.8768212e-1	2.8768212e-1	2.8768212e-1	0.0000000e0
feat_block_misalignment_8	0.0000000e0	0.0000000e0	0.0000000e0	0.0000000e0	0.0000000e0	0.0000000e0	0.0000000e0	0.0000000e0	0.0000000e0	0.0000000e0	0.0000000e0	0.0000000e0	0.0000000e0	3.0000000e0	0.0000000e0	0.0000000e0	0.0000000e0	0.0000000e0	0.0000000e0	0.0000000e0	0.0000000e0	0.0000000e0	0.0000000e0	0.0000000e0	0.0000000e0	0.0000000e0	0.0000000e0	0.0000000e0	0.0000000e0	0.0000000e0	0.0000000e0	0.0000000e0	0.0000000e0	0.0000000e0	0.0000000e0	0.0000000e0	0.0000000e0	0.0000000e0	0.0000000e0	3.0000000e0	0.0000000e0	0.0000000e0	0.0000000e0	0.0000000e0	0.0000000e0	0.0000000e0	0.0000000e0	0.0000000e0	0.0000000e0	0.0000000e0	0.0000000e0	0.0000000e0
feat_block_misalignment_32	1.5000000e1	3.0000000e0	1.5000000e1	3.3333334e-1	3.3333334e-1	0.0000000e0	3.3333334e-1	3.3333334e-1	0.0000000e0	0.0000000e0	0.0000000e0	0.0000000e0	3.3333334e-1	6.3000000e1	1.0000000e0	0.0000000e0	0.0000000e0	0.0000000e0	3.3333334e-1	3.3333334e-1	3.3333334e-1	7.7777779e-1	3.3333334e-1	3.3333334e-1	3.3333334e-1	0.0000000e0	1.5000000e1	3.0000000e0	1.5000000e1	3.3333334e-1	3.3333334e-1	0.0000000e0	3.3333334e-1	3.3333334e-1	0.0000000e0	0.0000000e0	0.0000000e0	0.0000000e0	3.3333334e-1	6.3000000e1	1.0000000e0	0.0000000e0	0.0000000e0	0.0000000e0	3.3333334e-1	3.3333334e-1	3.3333334e-1	7.7777779e-1	3.3333334e-1	3.3333334e-1	3.3333334e-1	0.0000000e0
feat_channel_count	3	3	3	3	3	3	3	3	3	3	3	3	3	3	3	3	4	4	3	3	3	3	3	3	3	4	3	3	3	3	3	3	3	3	3	3	3	3	3	3	3	3	4	4	3	3	3	3	3	3	3	4
feat_aq_map_p50	0.0000000e0	4.9577274e0	0.0000000e0	4.9548392e0
feat_aq_map_p75	0.0000000e0	4.9682446e0	0.0000000e0	4.9651146e0
feat_aq_map_p90	0.0000000e0	4.9819379e0	0.0000000e0	4.9788561e0
feat_aq_map_p95	0.0000000e0	4.9912076e0	0.0000000e0	4.9883852e0
feat_aq_map_p99	0.0000000e0	4.9981055e0	0.0000000e0	4.9948773e0
feat_noise_floor_y_p25	0.0000000e0	7.2659433e-1	0.0000000e0	7.2594005e-1
feat_noise_floor_y_p50	0.0000000e0	7.9504770e-1	0.0000000e0	7.9187346e-1
feat_noise_floor_y_p75	0.0000000e0	8.9606160e-1	0.0000000e0	8.9213401e-1
feat_noise_floor_y_p90	0.0000000e0	9.8720169e-1	0.0000000e0	9.8617834e-1
feat_noise_floor_uv_p25	0.0000000e0	1.0000000e0	0.0000000e0	1.0000000e0
feat_noise_floor_uv_p50	0.0000000e0	1.0000000e0	0.0000000e0	1.0000000e0
feat_noise_floor_uv_p75	0.0000000e0	1.0000000e0	0.0000000e0	1.0000000e0
feat_noise_floor_uv_p90	0.0000000e0	1.0000000e0	0.0000000e0	1.0000000e0
feat_laplacian_variance_p50	0.0000000e0	0.0000000e0	2.5500000e2	2.5500000e2	2.5500000e2	1.6500000e2	0.0000000e0	0.0000000e0	0.0000000e0	0.0000000e0	0.0000000e0	2.5500000e2	0.0000000e0	1.0000000e0	2.1800000e2	0.0000000e0	0.0000000e0	5.0000000e0	4.0000000e0	0.0000000e0	0.0000000e0	2.5500000e2	2.5500000e2	2.5500000e2	1.6500000e2	0.0000000e0	0.0000000e0	0.0000000e0	0.0000000e0	0.0000000e0	2.5500000e2	0.0000000e0	0.0000000e0	2.5500000e2	0.0000000e0	0.0000000e0	9.0000000e1	3.0000000e0
feat_laplacian_variance_p75	0.0000000e0	0.0000000e0	2.5500000e2	2.5500000e2	2.5500000e2	2.5500000e2	2.4000000e2	0.0000000e0	0.0000000e0	0.0000000e0	0.0000000e0	2.5500000e2	1.0000000e0	1.0000000e0	2.5500000e2	0.0000000e0	0.0000000e0	2.3000000e1	6.0000000e0	0.0000000e0	0.0000000e0	2.5500000e2	2.5500000e2	2.5500000e2	2.5500000e2	2.4000000e2	0.0000000e0	0.0000000e0	0.0000000e0	0.0000000e0	2.5500000e2	0.0000000e0	0.0000000e0	2.5500000e2	0.0000000e0	0.0000000e0	1.9000000e2	9.0000000e0
feat_laplacian_variance_p90	0.0000000e0	0.0000000e0	2.5500000e2	2.5500000e2	2.5500000e2	2.5500000e2	2.5500000e2	3.0000000e0	0.0000000e0	0.0000000e0	0.0000000e0	2.5500000e2	1.0000000e0	1.0000000e0	2.5500000e2	0.0000000e0	0.0000000e0	5.4000000e1	1.0000000e1	0.0000000e0	0.0000000e0	2.5500000e2	2.5500000e2	2.5500000e2	2.5500000e2	2.5500000e2	3.0000000e0	0.0000000e0	0.0000000e0	0.0000000e0	2.5500000e2	0.0000000e0	0.0000000e0	2.5500000e2	0.0000000e0	0.0000000e0	2.5500000e2	1.6000000e1
feat_laplacian_variance_p99	1.0000000e0	0.0000000e0	2.5500000e2	2.5500000e2	2.5500000e2	2.5500000e2	2.5500000e2	1.4000000e1	3.7000000e1	0.0000000e0	0.0000000e0	2.5500000e2	1.0300000e2	2.5000000e1	2.5500000e2	1.1200000e2	0.0000000e0	9.4000000e1	1.5000000e1	1.0000000e0	0.0000000e0	2.5500000e2	2.5500000e2	2.5500000e2	2.5500000e2	2.5500000e2	1.4000000e1	3.7000000e1	0.0000000e0	0.0000000e0	2.5500000e2	2.5500000e2	1.6300000e2	2.5500000e2	1.9800000e2	0.0000000e0	2.5500000e2	3.2000000e1
feat_laplacian_variance_peak	1.0000000e0	0.0000000e0	2.5500000e2	2.5500000e2	2.5500000e2	2.5500000e2	2.5500000e2	1.8000000e1	3.7000000e1	0.0000000e0	0.0000000e0	2.5500000e2	1.2900000e2	3.1000000e1	2.5500000e2	1.1200000e2	0.0000000e0	9.8000000e1	2.5000000e1	1.0000000e0	0.0000000e0	2.5500000e2	2.5500000e2	2.5500000e2	2.5500000e2	2.5500000e2	1.8000000e1	3.7000000e1	0.0000000e0	0.0000000e0	2.5500000e2	2.5500000e2	2.0400000e2	2.5500000e2	2.4000000e2	0.0000000e0	2.5500000e2	6.1000000e1
feat_quant_survival_y_p10	0.0000000e0	3.3333334e-1	0.0000000e0	3.1746033e-1
feat_quant_survival_y_p25	0.0000000e0	3.6507937e-1	0.0000000e0	3.6507937e-1
feat_quant_survival_y_p50	0.0000000e0	4.1269842e-1	0.0000000e0	3.9682540e-1
feat_quant_survival_y_p75	0.0000000e0	4.4444445e-1	0.0000000e0	4.4444445e-1
feat_quant_survival_uv_p10	0.0000000e0	1.9047619e-1	0.0000000e0	1.9047619e-1
feat_quant_survival_uv_p25	0.0000000e0	2.0634921e-1	0.0000000e0	2.0634921e-1
feat_quant_survival_uv_p50	0.0000000e0	2.2222222e-1	0.0000000e0	2.2222222e-1
feat_quant_survival_uv_p75	0.0000000e0	2.5396827e-1	0.0000000e0	2.5396827e-1
feat_log_padded_pixels_8	4.1588831e0	5.5451775e0	4.1588831e0	8.0300837e0	8.0300837e0	8.3177662e0	7.3369370e0	7.3369370e0	8.3177662e0	6.9314718e0	8.3177662e0	8.3177662e0	8.0300837e0	4.1588831e0	7.6246190e0	1.1090355e1	6.9314718e0	6.9314718e0	8.0300837e0	8.0300837e0	8.0300837e0	7.7424021e0	8.0300837e0	8.0300837e0	8.0300837e0	6.9314718e0	4.1588831e0	5.5451775e0	4.1588831e0	8.0300837e0	8.0300837e0	8.3177662e0	7.3369370e0	7.3369370e0	8.3177662e0	6.9314718e0	8.3177662e0	8.3177662e0	8.0300837e0	4.1588831e0	7.6246190e0	1.1090355e1	6.9314718e0	6.9314718e0	8.0300837e0	8.0300837e0	8.0300837e0	7.7424021e0	8.0300837e0	8.0300837e0	8.0300837e0	6.9314718e0
feat_log_padded_pixels_16	5.5451775e0	5.5451775e0	5.5451775e0	8.0300837e0	8.0300837e0	8.3177662e0	7.3369370e0	7.3369370e0	8.3177662e0	6.9314718e0	8.3177662e0	8.3177662e0	8.0300837e0	5.5451775e0	7.6246190e0	1.1090355e1	6.9314718e0	6.9314718e0	8.0300837e0	8.0300837e0	8.0300837e0	7.7424021e0	8.0300837e0	8.0300837e0	8.0300837e0	6.9314718e0	5.5451775e0	5.5451775e0	5.5451775e0	8.0300837e0	8.0300837e0	8.3177662e0	7.3369370e0	7.3369370e0	8.3177662e0	6.9314718e0	8.3177662e0	8.3177662e0	8.0300837e0	5.5451775e0	7.6246190e0	1.1090355e1	6.9314718e0	6.9314718e0	8.0300837e0	8.0300837e0	8.0300837e0	7.7424021e0	8.0300837e0	8.0300837e0	8.0300837e0	6.9314718e0
feat_log_padded_pixels_32	6.9314718e0	6.9314718e0	6.9314718e0	8.3177662e0	8.3177662e0	8.3177662e0	7.6246190e0	7.6246190e0	8.3177662e0	6.9314718e0	8.3177662e0	8.3177662e0	8.3177662e0	6.9314718e0	8.3177662e0	1.1090355e1	6.9314718e0	6.9314718e0	8.3177662e0	8.3177662e0	8.3177662e0	8.3177662e0	8.3177662e0	8.3177662e0	8.3177662e0	6.9314718e0	6.9314718e0	6.9314718e0	6.9314718e0	8.3177662e0	8.3177662e0	8.3177662e0	7.6246190e0	7.6246190e0	8.3177662e0	6.9314718e0	8.3177662e0	8.3177662e0	8.3177662e0	6.9314718e0	8.3177662e0	1.1090355e1	6.9314718e0	6.9314718e0	8.3177662e0	8.3177662e0	8.3177662e0	8.3177662e0	8.3177662e0	8.3177662e0	8.3177662e0	6.9314718e0
feat_laplacian_variance_p1	0.0000000e0	0.0000000e0	0.0000000e0	0.0000000e0	0.0000000e0	2.5500000e2	2.5500000e2	2.5500000e2	1.0000000e0	0.0000000e0	0.0000000e0	0.0000000e0	0.0000000e0	0.0000000e0	0.0000000e0	0.0000000e0	0.0000000e0	0.0000000e0	0.0000000e0	0.0000000e0	1.7000000e1	0.0000000e0	0.0000000e0	0.0000000e0	0.0000000e0	0.0000000e0	0.0000000e0	0.0000000e0	0.0000000e0	0.0000000e0	0.0000000e0	2.5500000e2	2.5500000e2	2.5500000e2	1.0000000e0	0.0000000e0	0.0000000e0	0.0000000e0	0.0000000e0	0.0000000e0	0.0000000e0	0.0000000e0	0.0000000e0	0.0000000e0	0.0000000e0	0.0000000e0	2.5500000e2	0.0000000e0	0.0000000e0	1.0000000e0	0.0000000e0	0.0000000e0
feat_laplacian_variance_p5	0.0000000e0	0.0000000e0	0.0000000e0	0.0000000e0	0.0000000e0	2.5500000e2	2.5500000e2	2.5500000e2	1.7000000e1	0.0000000e0	0.0000000e0	0.0000000e0	0.0000000e0	0.0000000e0	0.0000000e0	2.0000000e0	0.0000000e0	0.0000000e0	0.0000000e0	0.0000000e0	2.4000000e1	0.0000000e0	0.0000000e0	0.0000000e0	0.0000000e0	0.0000000e0	0.0000000e0	0.0000000e0	0.0000000e0	0.0000000e0	0.0000000e0	2.5500000e2	2.5500000e2	2.5500000e2	1.7000000e1	0.0000000e0	0.0000000e0	0.0000000e0	0.0000000e0	0.0000000e0	0.0000000e0	2.0000000e0	0.0000000e0	0.0000000e0	0.0000000e0	0.0000000e0	2.5500000e2	0.0000000e0	0.0000000e0	3.0000000e0	0.0000000e0	0.0000000e0
feat_laplacian_variance_p10	0.0000000e0	0.0000000e0	0.0000000e0	0.0000000e0	0.0000000e0	2.5500000e2	2.5500000e2	2.5500000e2	2.9000000e1	0.0000000e0	0.0000000e0	0.0000000e0	0.0000000e0	0.0000000e0	0.0000000e0	3.0000000e0	0.0000000e0	0.0000000e0	0.0000000e0	0.0000000e0	2.9000000e1	0.0000000e0	0.0000000e0	0.0000000e0	0.0000000e0	0.0000000e0	0.0000000e0	0.0000000e0	0.0000000e0	0.0000000e0	0.0000000e0	2.5500000e2	2.5500000e2	2.5500000e2	2.9000000e1	0.0000000e0	0.0000000e0	0.0000000e0	0.0000000e0	0.0000000e0	0.0000000e0	3.0000000e0	0.0000000e0	0.0000000e0	0.0000000e0	0.0000000e0	2.5500000e2	0.0000000e0	0.0000000e0	7.0000000e0	0.0000000e0	0.0000000e0
feat_aq_map_p1	0.0000000e0	4.9323854e0	0.0000000e0	4.9294877e0
feat_aq_map_p5	0.0000000e0	4.9406471e0	0.0000000e0	4.9372506e0
feat_aq_map_p10	0.0000000e0	4.9442186e0	0.0000000e0	4.9413590e0
feat_noise_floor_y_p1	0.0000000e0	5.6691384e-1	0.0000000e0	5.6631607e-1
feat_noise_floor_y_p5	0.0000000e0	6.1018795e-1	0.0000000e0	6.0914099e-1
feat_noise_floor_y_p10	0.0000000e0	6.6864389e-1	0.0000000e0	6.6732526e-1
feat_quant_survival_y_p1	0.0000000e0	3.0158731e-1	0.0000000e0	2.8571430e-1
feat_quant_survival_y_p5	0.0000000e0	3.1746033e-1	0.0000000e0	3.1746033e-1
feat_luma_kurtosis	7.4877195e0	0.0000000e0	0.0000000e0	0.0000000e0	0.0000000e0	-1.5920624e0	-1.9377545e0	1.1641864e1	2.6033333e1	0.0000000e0	0.0000000e0	4.4599485e-1	3.0707928e1	3.2659664e1	-1.5727919e0	3.6030956e1	0.0000000e0	1.9393077e0	1.3873363e0	1.0568966e1	0.0000000e0	0.0000000e0	0.0000000e0	0.0000000e0	-1.5920624e0	-1.9377545e0	1.1641864e1	2.6033333e1	0.0000000e0	0.0000000e0	4.4598588e-1	1.9402151e1	3.0129183e1	1.9054359e2	4.1080772e1	0.0000000e0	-1.2610879e0	6.5293584e0
feat_gradient_fraction_smooth	4.1248244e-11	3.7166949e-12	1.0725391e-11	9.9924326e-1	9.9897772e-1	1.8610255e-1	1.7893308e-1	7.7688426e-2	1.0282910e-1	8.2047027e-1	6.7662424e-1	1.7864443e-12	1.0834674e-11	0.0000000e0	9.6971768e-1	1.1268435e-1	9.9909514e-1	2.6111923e-12	9.6440107e-1	8.5618019e-1	2.2777120e-2	5.5345550e-2	9.9814868e-1	6.3894682e-2	5.5522269e-1	9.2753792e-1	4.1248244e-11	5.2660491e-13	3.3981169e-11	9.9909329e-1	9.9105620e-1	1.8610255e-1	1.7893308e-1	7.7688426e-2	1.0295127e-1	8.3179897e-1	6.7662424e-1	1.4559636e-12	2.3030243e-11	0.0000000e0	9.6579885e-1	1.1284143e-1	9.9895287e-1	2.6111923e-12	9.8663521e-1	9.8787886e-1	1.8591601e-2	3.3305970e-1	9.9750262e-1	8.7639995e-2	5.4293758e-1	9.2717850e-1
feat_palette_log2_size	1	1	1	5	5	1	1	1	12	3	1	4	1	4	5	15	10	1	5	3	6	2	5	5	5	6	1	1	1	5	6	1	1	1	12	3	1	4	1	4	6	15	10	1	5	5	2	2	5	7	5	6
feat_chroma_luma_covariance_cb	0.0000000e0	0.0000000e0	0.0000000e0	-1.6607444e-1	-9.9999988e-1	0.0000000e0	-1.0000000e0	0.0000000e0	-4.5515350e-1	9.9217242e-1	0.0000000e0	-1.0000000e0	-9.9999851e-1	0.0000000e0	-1.0000000e0	-4.5373452e-1	-9.9999994e-1	0.0000000e0	-4.2932659e-2	-2.6604468e-1	-8.7241411e-1	-9.9999958e-1	-9.9999321e-1	-6.1349040e-1	-9.0276653e-1	9.7428304e-1	0.0000000e0	0.0000000e0	0.0000000e0	8.1303999e-2	-9.9999994e-1	0.0000000e0	-1.0000000e0	0.0000000e0	-4.5515347e-1	9.9220181e-1	0.0000000e0	-1.0000000e0	-9.9999923e-1	0.0000000e0	-1.0000000e0	-4.5373452e-1	-1.0000000e0	0.0000000e0	-1.5133932e-1	-1.7022029e-1	-8.7394339e-1	-1.0000000e0	-1.0000000e0	-6.6589803e-1	-7.2211015e-1	9.7428256e-1
feat_chroma_luma_covariance_cr	0.0000000e0	0.0000000e0	0.0000000e0	-1.6607444e-1	-9.9999994e-1	0.0000000e0	1.0000000e0	0.0000000e0	-2.3327200e-1	-9.9220318e-1	0.0000000e0	-1.0000000e0	9.9999863e-1	0.0000000e0	1.0000000e0	-2.4124606e-1	-2.2408462e-1	-6.5135443e-1	-4.2932659e-2	-2.6604468e-1	-4.5932290e-1	-9.7109437e-1	9.9994522e-1	-4.0741220e-1	-7.7821159e-1	9.9990600e-1	0.0000000e0	0.0000000e0	0.0000000e0	8.1303999e-2	-9.9999988e-1	0.0000000e0	1.0000000e0	0.0000000e0	-2.3327200e-1	-9.9218798e-1	0.0000000e0	-1.0000000e0	9.9999899e-1	0.0000000e0	1.0000000e0	-2.4124607e-1	-2.2408465e-1	0.0000000e0	-1.5133932e-1	-1.7022029e-1	-6.6429138e-1	1.0000000e0	1.0000000e0	-7.1356034e-1	-4.1657081e-1	9.9990571e-1
feat_info_weight_mean	0.0000000e0	0.0000000e0	0.0000000e0	1.8241653e0	2.7500719e-1	8.5299740e0	7.2738900e0	8.9087229e0	6.1825171e0	4.9057558e-1	7.4727960e0	0.0000000e0	0.0000000e0	0.0000000e0	3.3742540e-2	5.8603292e0	2.4073770e0	0.0000000e0	1.0025467e0	2.9729983e-1	5.2761927e0	1.3942312e-2	6.6674012e-1	5.6926954e-1	9.9455141e-2	1.4441711e0	0.0000000e0	0.0000000e0	0.0000000e0	1.8205098e0	2.8444260e-1	8.5149527e0	7.2738900e0	8.8955431e0	6.1729941e0	5.3942782e-1	7.4727960e0	0.0000000e0	0.0000000e0	0.0000000e0	3.3126038e-2	5.8502760e0	2.4099770e0	0.0000000e0	3.5687087e0	2.7844398e0	9.9341354e0	3.4530431e-1	6.5380293e-1	3.3228645e0	1.8435413e-1	1.4509841e0
feat_info_weight_p90	0.0000000e0	5.9296336e0	0.0000000e0	5.9195633e0
feat_orientation_energy_ratio	1.0000000e0	1.0000000e0	1.0000000e0	1.6568543e0	1.6568543e0	1.3688550e0	1.6568543e0	1.6568543e0	1.4906725e0	1.6568543e0	1.1854166e0	1.3329198e0	1.6568543e0	0.0000000e0	1.6568543e0	1.5004600e0	1.4602430e0	1.0000000e0	1.1870123e0	1.1869800e0	1.6527444e0	1.6233114e0	1.6568543e0	1.6381084e0	1.2020278e0	1.6568543e0	1.0000000e0	1.0000000e0	1.0000000e0	1.6568543e0	1.6568543e0	1.3688551e0	1.6568543e0	1.6568543e0	1.4906725e0	1.6568543e0	1.1854166e0	1.3329197e0	1.6568543e0	0.0000000e0	1.6568543e0	1.5004600e0	1.4602431e0	1.0000000e0	1.1863286e0	1.1862601e0	1.6544346e0	1.3627068e0	1.6568543e0	1.6448193e0	1.2006706e0	1.6568543e0
feat_spectral_slope_y	2.1582484e0	2.4645267e0	4.9691173e-1	-8.6350238e-1	-8.6350244e-1	-4.2544049e-1	1.1342603e0	4.0954563e-1	0.0000000e0	9.3503237e-1	-3.0219230e-1	2.2397223e0	1.3638535e0	1.2077898e0	-6.4202571e-1	1.6342037e0	2.0534096e0	1.0328803e-1	7.4840206e-1	1.9040334e0	2.1584444e0	1.7753687e0	4.9691164e-1	-8.6350238e-1	-8.6350244e-1	-4.0781796e-1	1.5459290e0	4.0954563e-1	0.0000000e0	9.4712311e-1	-2.9751930e-1	2.3564067e0	2.0199685e0	1.9906800e0	-9.1292346e-1	2.2422614e0	2.0528984e0	-1.9812077e-1	9.1028261e-1	2.0973058e0
feat_xyb444_color_loss	1.0000000e0	6.5882355e-1	6.7843139e-1	6.8676472e-1	6.8921566e-1	7.3137254e-1	7.6470590e-1	8.3921570e-1	6.9785923e-1	7.0686275e-1	7.3589921e-1	6.9460785e-1	8.6666667e-1	6.8995100e-1	7.2058821e-1	6.9851375e-1	6.8432903e-1	8.0000001e-1	8.3739275e-1	9.1446078e-1	7.7459151e-1	6.8104577e-1	7.4387252e-1	9.7659314e-1	7.4436277e-1	7.3623621e-1	1.0000000e0	6.5098041e-1	6.7843139e-1	6.8676472e-1	6.9289213e-1	7.3921567e-1	7.6470590e-1	8.3921570e-1	6.9758636e-1	7.0735294e-1	7.3589921e-1	6.8504900e-1	8.6666667e-1	6.8995100e-1	7.1930146e-1	6.9823104e-1	6.8396521e-1	8.0000001e-1	6.8848038e-1	6.8921566e-1	7.3464054e-1	6.8104577e-1	7.4387252e-1	8.4897876e-1	7.4681371e-1	7.3475796e-1
feat_xyb_bquarter_chroma_loss	0.0000000e0	0.0000000e0	0.0000000e0	0.0000000e0	0.0000000e0	0.0000000e0	1.0022223e2	0.0000000e0	3.5167507e1	5.5882347e-1	0.0000000e0	0.0000000e0	0.0000000e0	1.0344159e1	0.0000000e0	2.8400318e1	0.0000000e0	0.0000000e0	0.0000000e0	0.0000000e0	5.0741558e1	0.0000000e0	0.0000000e0	1.7600764e0	3.0943626e-1	9.8760128e-1	0.0000000e0	0.0000000e0	0.0000000e0	0.0000000e0	0.0000000e0	0.0000000e0	1.0022223e2	0.0000000e0	3.4949707e1	5.5882353e-1	0.0000000e0	0.0000000e0	0.0000000e0	1.0344159e1	4.2126223e-2	2.8235115e1	1.8142139e0	0.0000000e0	0.0000000e0	0.0000000e0	1.0079385e2	0.0000000e0	0.0000000e0	3.4870872e1	7.8022867e-2	9.8300570e-1
feat_highlight_luma_mean	0.0000000e0	0.0000000e0	0.0000000e0	0.0000000e0	0.0000000e0	0.0000000e0	0.0000000e0	0.0000000e0	0.0000000e0	0.0000000e0	0.0000000e0	0.0000000e0	0.0000000e0	0.0000000e0	0.0000000e0	0.0000000e0	0.0000000e0	0.0000000e0	8.2770319e2	2.2768199e2	9.8673755e2	1.5660754e2	0.0000000e0	1.4826425e2	0.0000000e0	0.0000000e0	0.0000000e0	0.0000000e0	0.0000000e0	0.0000000e0	0.0000000e0	0.0000000e0	0.0000000e0	0.0000000e0	0.0000000e0	0.0000000e0	0.0000000e0	0.0000000e0	0.0000000e0	0.0000000e0	0.0000000e0	0.0000000e0	0.0000000e0	0.0000000e0	8.2770319e2	2.2768199e2	9.8673755e2	1.5660754e2	0.0000000e0	1.4826425e2	0.0000000e0	0.0000000e0
feat_highlight_luma_std	0.0000000e0	0.0000000e0	0.0000000e0	0.0000000e0	0.0000000e0	0.0000000e0	0.0000000e0	0.0000000e0	0.0000000e0	0.0000000e0	0.0000000e0	0.0000000e0	0.0000000e0	0.0000000e0	0.0000000e0	0.0000000e0	0.0000000e0	0.0000000e0	1.0498574e3	8.4656792e1	8.8816974e2	3.3006790e1	0.0000000e0	3.3242607e1	0.0000000e0	0.0000000e0	0.0000000e0	0.0000000e0	0.0000000e0	0.0000000e0	0.0000000e0	0.0000000e0	0.0000000e0	0.0000000e0	0.0000000e0	0.0000000e0	0.0000000e0	0.0000000e0	0.0000000e0	0.0000000e0	0.0000000e0	0.0000000e0	0.0000000e0	0.0000000e0	1.0498574e3	8.4656792e1	8.8816974e2	3.3006790e1	0.0000000e0	3.3242607e1	0.0000000e0	0.0000000e0
feat_highlight_chroma_mean	0.0000000e0	0.0000000e0	0.0000000e0	0.0000000e0	0.0000000e0	0.0000000e0	0.0000000e0	0.0000000e0	0.0000000e0	0.0000000e0	0.0000000e0	0.0000000e0	0.0000000e0	0.0000000e0	0.0000000e0	0.0000000e0	0.0000000e0	0.0000000e0	0.0000000e0	0.0000000e0	1.0000000e0	9.2781138e-1	0.0000000e0	1.0000000e0	0.0000000e0	0.0000000e0	0.0000000e0	0.0000000e0	0.0000000e0	0.0000000e0	0.0000000e0	0.0000000e0	0.0000000e0	0.0000000e0	0.0000000e0	0.0000000e0	0.0000000e0	0.0000000e0	0.0000000e0	0.0000000e0	0.0000000e0	0.0000000e0	0.0000000e0	0.0000000e0	0.0000000e0	0.0000000e0	1.0000000e0	9.2781138e-1	0.0000000e0	1.0000000e0	0.0000000e0	0.0000000e0
feat_highlight_chroma_std	0.0000000e0	0.0000000e0	0.0000000e0	0.0000000e0	0.0000000e0	0.0000000e0	0.0000000e0	0.0000000e0	0.0000000e0	0.0000000e0	0.0000000e0	0.0000000e0	0.0000000e0	0.0000000e0	0.0000000e0	0.0000000e0	0.0000000e0	0.0000000e0	0.0000000e0	0.0000000e0	0.0000000e0	1.6215079e-2	0.0000000e0	0.0000000e0	0.0000000e0	0.0000000e0	0.0000000e0	0.0000000e0	0.0000000e0	0.0000000e0	0.0000000e0	0.0000000e0	0.0000000e0	0.0000000e0	0.0000000e0	0.0000000e0	0.0000000e0	0.0000000e0	0.0000000e0	0.0000000e0	0.0000000e0	0.0000000e0	0.0000000e0	0.0000000e0	0.0000000e0	0.0000000e0	0.0000000e0	1.6215079e-2	0.0000000e0	0.0000000e0	0.0000000e0	0.0000000e0
feat_highlight_edge_count	0.0000000e0	0.0000000e0	0.0000000e0	0.0000000e0	0.0000000e0	0.0000000e0	0.0000000e0	0.0000000e0	0.0000000e0	0.0000000e0	0.0000000e0	0.0000000e0	0.0000000e0	0.0000000e0	0.0000000e0	0.0000000e0	0.0000000e0	0.0000000e0	9.1423951e-2	0.0000000e0	1.7753571e0	0.0000000e0	0.0000000e0	0.0000000e0	0.0000000e0	0.0000000e0	0.0000000e0	0.0000000e0	0.0000000e0	0.0000000e0	0.0000000e0	0.0000000e0	0.0000000e0	0.0000000e0	0.0000000e0	0.0000000e0	0.0000000e0	0.0000000e0	0.0000000e0	0.0000000e0	0.0000000e0	0.0000000e0	0.0000000e0	0.0000000e0	9.1423951e-2	0.0000000e0	1.7753571e0	0.0000000e0	0.0000000e0	0.0000000e0	0.0000000e0	0.0000000e0
feat_highlight_orientation_ratio	0.0000000e0	0.0000000e0	0.0000000e0	0.0000000e0	0.0000000e0	0.0000000e0	0.0000000e0	0.0000000e0	0.0000000e0	0.0000000e0	0.0000000e0	0.0000000e0	0.0000000e0	0.0000000e0	0.0000000e0	0.0000000e0	0.0000000e0	0.0000000e0	8.4955752e-1	0.0000000e0	5.0211227e-1	0.0000000e0	0.0000000e0	0.0000000e0	0.0000000e0	0.0000000e0	0.0000000e0	0.0000000e0	0.0000000e0	0.0000000e0	0.0000000e0	0.0000000e0	0.0000000e0	0.0000000e0	0.0000000e0	0.0000000e0	0.0000000e0	0.0000000e0	0.0000000e0	0.0000000e0	0.0000000e0	0.0000000e0	0.0000000e0	0.0000000e0	8.4955752e-1	0.0000000e0	5.0211227e-1	0.0000000e0	0.0000000e0	0.0000000e0	0.0000000e0	0.0000000e0
