side	feature	n	spread	med_abs	p95_abs	med_rel	p95_rel	med_sigma	p95_sigma	moved	nan_flip	pb_share	hf_share	conv	conv_n	band	driver
64	feat_alpha_bimodal_score	48	0.0	0.0	0.0	0.0	0.0	nan	nan	0	0	0.0	0.0	0	0	unscored	none
64	feat_alpha_present	48	0.0	0.0	0.0	0.0	0.0	nan	nan	0	0	0.0	0.0	0	0	unscored	none
64	feat_alpha_used_fraction	48	0.0	0.0	0.0	0.0	0.0	nan	nan	0	0	0.0	0.0	0	0	unscored	none
64	feat_aq_map_mean	48	1.544087194465062	0.0	0.0	0.0	0.0	0.0	0.0	0	0	0.0	0.0	0	0	under-noise	none
64	feat_aq_map_std	48	0.9047967367383745	0.0	0.0	0.0	0.0	0.0	0.0	0	0	0.0	0.0	0	0	under-noise	none
64	feat_aspect_min_over_max	48	0.0	0.0	0.0	0.0	0.0	nan	nan	0	0	0.0	0.0	0	0	unscored	none
64	feat_bitmap_bytes	48	0.0	0.0	0.0	0.0	0.0	nan	nan	0	0	0.0	0.0	0	0	unscored	none
64	feat_block_misalignment_32	48	0.0	0.0	0.0	0.0	0.0	nan	nan	0	0	0.0	0.0	0	0	unscored	none
64	feat_block_misalignment_8	48	0.0	0.0	0.0	0.0	0.0	nan	nan	0	0	0.0	0.0	0	0	unscored	none
64	feat_cb_horiz_sharpness	48	0.17475514330133662	0.0	0.0	0.0	0.0	0.0	0.0	0	0	0.0	0.0	0	0	under-noise	none
64	feat_cb_peak_sharpness	48	4.058117294044397	0.0	0.0	0.0	0.0	0.0	0.0	0	0	0.0	0.0	0	0	under-noise	none
64	feat_cb_sharpness	48	0.01939520666994975	0.0	0.0	0.0	0.0	0.0	0.0	0	0	0.0	0.0	0	0	under-noise	none
64	feat_cb_vert_sharpness	48	0.10844860210008717	0.0	0.0	0.0	0.0	0.0	0.0	0	0	0.0	0.0	0	0	under-noise	none
64	feat_channel_count	48	0.0	0.0	0.0	0.0	0.0	nan	nan	0	0	0.0	0.0	0	0	unscored	none
64	feat_chroma_complexity	48	0.10965658905989978	0.0	0.0	0.0	0.0	0.0	0.0	0	0	0.0	0.0	0	0	under-noise	none
64	feat_chroma_luma_covariance_cb	48	0.4604893714054361	0.0	0.0	0.0	0.0	0.0	0.0	0	0	0.0	0.0	0	0	under-noise	none
64	feat_chroma_luma_covariance_cr	48	0.5145340819389895	0.0	0.0	0.0	0.0	0.0	0.0	0	0	0.0	0.0	0	0	under-noise	none
64	feat_chroma_subsample_dct_loss	48	2.385299494878088	0.0	0.0	0.0	0.0	0.0	0.0	0	0	0.0	0.0	0	0	under-noise	none
64	feat_colourfulness	48	41.87403581195595	0.0	0.0	0.0	0.0	0.0	0.0	0	0	0.0	0.0	0	0	under-noise	none
64	feat_cr_horiz_sharpness	48	0.5815197954517162	0.0	0.0	0.0	0.0	0.0	0.0	0	0	0.0	0.0	0	0	under-noise	none
64	feat_cr_peak_sharpness	48	15.240889810710602	0.0	0.0	0.0	0.0	0.0	0.0	0	0	0.0	0.0	0	0	under-noise	none
64	feat_cr_sharpness	48	0.013537170137162144	0.0	0.0	0.0	0.0	0.0	0.0	0	0	0.0	0.0	0	0	under-noise	none
64	feat_cr_vert_sharpness	48	0.24525517056161458	0.0	0.0	0.0	0.0	0.0	0.0	0	0	0.0	0.0	0	0	under-noise	none
64	feat_dct_compressibility_uv	48	19.556149295200683	0.0	0.0	0.0	0.0	0.0	0.0	0	0	0.0	0.0	0	0	under-noise	none
64	feat_dct_compressibility_y	48	34.98918466585989	0.0	0.0	0.0	0.0	0.0	0.0	0	0	0.0	0.0	0	0	under-noise	none
64	feat_distinct_color_bins	48	266.0366507945329	0.0	0.0	0.0	0.0	0.0	0.0	0	0	0.0	0.0	0	0	under-noise	none
64	feat_edge_density	48	0.1864005436981276	0.0	0.0	0.0	0.0	0.0	0.0	0	0	0.0	0.0	0	0	under-noise	none
64	feat_edge_slope_stdev	48	21.403033841949913	0.0	0.0	0.0	0.0	0.0	0.0	0	0	0.0	0.0	0	0	under-noise	none
64	feat_effective_bit_depth	48	0.0	0.0	0.0	0.0	0.0	nan	nan	0	0	0.0	0.0	0	0	unscored	none
64	feat_flat_color_block_ratio	48	0.36695179690216634	0.0	0.0	0.0	0.0	0.0	0.0	0	0	0.0	0.0	0	0	under-noise	none
64	feat_gamut_coverage_p3	48	0.0	0.0	0.0	0.0	0.0	nan	nan	0	0	0.0	0.0	0	0	unscored	none
64	feat_gamut_coverage_srgb	48	0.0	0.0	0.0	0.0	0.0	nan	nan	0	0	0.0	0.0	0	0	unscored	none
64	feat_gradient_fraction	48	0.29658288694231827	0.0	0.0	0.0	0.0	0.0	0.0	0	0	0.0	0.0	0	0	under-noise	none
64	feat_gradient_fraction_smooth	48	0.31888017040887073	0.0	0.0	0.0	0.0	0.0	0.0	0	0	0.0	0.0	0	0	under-noise	none
64	feat_grayscale_score	48	0.3869003236938271	0.0	0.0	0.0	0.0	0.0	0.0	0	0	0.0	0.0	0	0	under-noise	none
64	feat_hdr_headroom_stops	48	0.0	0.0	0.0	0.0	0.0	nan	nan	0	0	0.0	0.0	0	0	unscored	none
64	feat_hdr_pixel_fraction	48	0.0	0.0	0.0	0.0	0.0	nan	nan	0	0	0.0	0.0	0	0	unscored	none
64	feat_hdr_present	48	0.0	0.0	0.0	0.0	0.0	nan	nan	0	0	0.0	0.0	0	0	unscored	none
64	feat_high_freq_energy_ratio	48	0.3262637126232604	0.0	0.0	0.0	0.0	0.0	0.0	0	0	0.0	0.0	0	0	under-noise	none
64	feat_highlight_chroma_mean	48	0.0	0.0	0.0	0.0	0.0	nan	nan	0	0	0.0	0.0	0	0	unscored	none
64	feat_highlight_chroma_std	48	0.0	0.0	0.0	0.0	0.0	nan	nan	0	0	0.0	0.0	0	0	unscored	none
64	feat_highlight_edge_count	48	0.0	0.0	0.0	0.0	0.0	nan	nan	0	0	0.0	0.0	0	0	unscored	none
64	feat_highlight_luma_mean	48	0.0	0.0	0.0	0.0	0.0	nan	nan	0	0	0.0	0.0	0	0	unscored	none
64	feat_highlight_luma_std	48	0.0	0.0	0.0	0.0	0.0	nan	nan	0	0	0.0	0.0	0	0	unscored	none
64	feat_highlight_orientation_ratio	48	0.0	0.0	0.0	0.0	0.0	nan	nan	0	0	0.0	0.0	0	0	unscored	none
64	feat_info_weight_mean	48	1.7467758438088055	0.0	0.0	0.0	0.0	0.0	0.0	0	0	0.0	0.0	0	0	under-noise	none
64	feat_is_grayscale	48	0.3529390488770295	0.0	0.0	0.0	0.0	0.0	0.0	0	0	0.0	0.0	0	0	under-noise	none
64	feat_laplacian_variance	48	0.3680743997745758	0.0	0.0	0.0	0.0	0.0	0.0	0	0	0.0	0.0	0	0	under-noise	none
64	feat_laplacian_variance_p1	48	0.0	0.0	0.0	0.0	0.0	nan	nan	0	0	0.0	0.0	0	0	unscored	none
64	feat_laplacian_variance_p10	48	1.7842628029525247	0.0	0.0	0.0	0.0	0.0	0.0	0	0	0.0	0.0	0	0	under-noise	none
64	feat_laplacian_variance_p5	48	0.8204736944798007	0.0	0.0	0.0	0.0	0.0	0.0	0	0	0.0	0.0	0	0	under-noise	none
64	feat_laplacian_variance_p50	48	10.37857619088476	0.0	0.0	0.0	0.0	0.0	0.0	0	0	0.0	0.0	0	0	under-noise	none
64	feat_laplacian_variance_p75	48	37.588760694595344	0.0	0.0	0.0	0.0	0.0	0.0	0	0	0.0	0.0	0	0	under-noise	none
64	feat_laplacian_variance_p90	48	75.7359006634605	0.0	0.0	0.0	0.0	0.0	0.0	0	0	0.0	0.0	0	0	under-noise	none
64	feat_laplacian_variance_p99	48	88.38857352936269	0.0	0.0	0.0	0.0	0.0	0.0	0	0	0.0	0.0	0	0	under-noise	none
64	feat_laplacian_variance_peak	48	99.40153384407887	0.0	0.0	0.0	0.0	0.0	0.0	0	0	0.0	0.0	0	0	under-noise	none
64	feat_log_aspect_abs	48	0.0	0.0	0.0	0.0	0.0	nan	nan	0	0	0.0	0.0	0	0	unscored	none
64	feat_log_padded_pixels_16	48	0.0	0.0	0.0	0.0	0.0	nan	nan	0	0	0.0	0.0	0	0	unscored	none
64	feat_log_padded_pixels_32	48	0.0	0.0	0.0	0.0	0.0	nan	nan	0	0	0.0	0.0	0	0	unscored	none
64	feat_log_padded_pixels_8	48	0.0	0.0	0.0	0.0	0.0	nan	nan	0	0	0.0	0.0	0	0	unscored	none
64	feat_log_pixels	48	0.0	0.0	0.0	0.0	0.0	nan	nan	0	0	0.0	0.0	0	0	unscored	none
64	feat_luma_histogram_entropy	48	1.5263046856266864	0.0	0.0	0.0	0.0	0.0	0.0	0	0	0.0	0.0	0	0	under-noise	none
64	feat_luma_kurtosis	48	8.525207107727535	0.0	0.0	0.0	0.0	0.0	0.0	0	0	0.0	0.0	0	0	under-noise	none
64	feat_max_dim	48	0.0	0.0	0.0	0.0	0.0	nan	nan	0	0	0.0	0.0	0	0	unscored	none
64	feat_min_dim	48	0.0	0.0	0.0	0.0	0.0	nan	nan	0	0	0.0	0.0	0	0	unscored	none
64	feat_noise_floor_uv	48	0.055224970240560826	0.0	0.0	0.0	0.0	0.0	0.0	0	0	0.0	0.0	0	0	under-noise	none
64	feat_noise_floor_y	48	0.32849780205853013	0.0	0.0	0.0	0.0	0.0	0.0	0	0	0.0	0.0	0	0	under-noise	none
64	feat_orientation_energy_ratio	48	0.12122214471748663	0.0	0.0	0.0	0.0	0.0	0.0	0	0	0.0	0.0	0	0	under-noise	none
64	feat_p99_luminance_nits	48	0.0	0.0	0.0	0.0	0.0	nan	nan	0	0	0.0	0.0	0	0	unscored	none
64	feat_palette_density	48	0.06495035419927743	0.0	0.0	0.0	0.0	0.0	0.0	0	0	0.0	0.0	0	0	under-noise	none
64	feat_palette_fits_in_256	48	0.48902894142939596	0.0	0.0	0.0	0.0	0.0	0.0	0	0	0.0	0.0	0	0	under-noise	none
64	feat_palette_log2_size	48	2.946278254943948	0.0	0.0	0.0	0.0	0.0	0.0	0	0	0.0	0.0	0	0	under-noise	none
64	feat_patch_fraction	48	0.38963416000889006	0.0	0.0	0.0	0.0	0.0	0.0	0	0	0.0	0.0	0	0	under-noise	none
64	feat_patch_fraction_fast	48	0.3874605986002511	0.0	0.0	0.0	0.0	0.0	0.0	0	0	0.0	0.0	0	0	under-noise	none
64	feat_peak_luminance_nits	48	0.0	0.0	0.0	0.0	0.0	nan	nan	0	0	0.0	0.0	0	0	unscored	none
64	feat_pixel_count	48	0.0	0.0	0.0	0.0	0.0	nan	nan	0	0	0.0	0.0	0	0	unscored	none
64	feat_quant_survival_uv	48	0.0262530736794197	0.0	0.0	0.0	0.0	0.0	0.0	0	0	0.0	0.0	0	0	under-noise	none
64	feat_quant_survival_y	48	0.09236122237765297	0.0	0.0	0.0	0.0	0.0	0.0	0	0	0.0	0.0	0	0	under-noise	none
64	feat_skin_tone_fraction	48	0.22921515708583007	0.0	0.0	0.0	0.0	0.0	0.0	0	0	0.0	0.0	0	0	under-noise	none
64	feat_spectral_slope_y	41	0.3835990776279625	0.0	0.0	0.0	0.0	0.0	0.0	0	0	0.0	0.0	0	0	under-noise	none
64	feat_uniformity	48	0.353941004049931	0.0	0.0	0.0	0.0	0.0	0.0	0	0	0.0	0.0	0	0	under-noise	none
64	feat_variance	48	1994.7503637601367	0.0	0.0	0.0	0.0	0.0	0.0	0	0	0.0	0.0	0	0	under-noise	none
64	feat_variance_spread	48	0.29255274274100723	0.0	0.0	0.0	0.0	0.0	0.0	0	0	0.0	0.0	0	0	under-noise	none
64	feat_wide_gamut_fraction	48	0.0	0.0	0.0	0.0	0.0	nan	nan	0	0	0.0	0.0	0	0	unscored	none
64	feat_wide_gamut_peak	48	0.0	0.0	0.0	0.0	0.0	nan	nan	0	0	0.0	0.0	0	0	unscored	none
64	feat_xyb444_color_loss	48	0.09087033516797251	0.0	0.0	0.0	0.0	0.0	0.0	0	0	0.0	0.0	0	0	under-noise	none
64	feat_xyb_bquarter_chroma_loss	48	1.4243248770878805	0.0	0.0	0.0	0.0	0.0	0.0	0	0	0.0	0.0	0	0	under-noise	none
256	feat_alpha_bimodal_score	48	0.0	0.0	0.0	0.0	0.0	nan	nan	0	0	0.0	0.0	0	0	unscored	none
256	feat_alpha_present	48	0.0	0.0	0.0	0.0	0.0	nan	nan	0	0	0.0	0.0	0	0	unscored	none
256	feat_alpha_used_fraction	48	0.0	0.0	0.0	0.0	0.0	nan	nan	0	0	0.0	0.0	0	0	unscored	none
256	feat_aq_map_mean	48	1.3868869659093026	0.0	0.0	0.0	0.0	0.0	0.0	0	0	0.0	0.0	0	0	under-noise	none
256	feat_aq_map_p1	48	1.138508277187554	0.0	0.0	0.0	0.0	0.0	0.0	0	0	0.0	0.0	0	0	under-noise	none
256	feat_aq_map_p10	48	1.486521657849275	0.0	0.0	0.0	0.0	0.0	0.0	0	0	0.0	0.0	0	0	under-noise	none
256	feat_aq_map_p5	48	1.3253049326356507	0.0	0.0	0.0	0.0	0.0	0.0	0	0	0.0	0.0	0	0	under-noise	none
256	feat_aq_map_p50	48	1.918820886642466	0.0	0.0	0.0	0.0	0.0	0.0	0	0	0.0	0.0	0	0	under-noise	none
256	feat_aq_map_p75	48	1.8048448701100335	0.0	0.0	0.0	0.0	0.0	0.0	0	0	0.0	0.0	0	0	under-noise	none
256	feat_aq_map_p90	48	1.3127332927863828	0.0	0.0	0.0	0.0	0.0	0.0	0	0	0.0	0.0	0	0	under-noise	none
256	feat_aq_map_p95	48	1.3214869741875916	0.0	0.0	0.0	0.0	0.0	0.0	0	0	0.0	0.0	0	0	under-noise	none
256	feat_aq_map_p99	48	1.3301420110542426	0.0	0.0	0.0	0.0	0.0	0.0	0	0	0.0	0.0	0	0	under-noise	none
256	feat_aq_map_std	48	0.7661237570604208	0.0	0.0	0.0	0.0	0.0	0.0	0	0	0.0	0.0	0	0	under-noise	none
256	feat_aspect_min_over_max	48	0.0	0.0	0.0	0.0	0.0	nan	nan	0	0	0.0	0.0	0	0	unscored	none
256	feat_bitmap_bytes	48	0.0	0.0	0.0	0.0	0.0	nan	nan	0	0	0.0	0.0	0	0	unscored	none
256	feat_block_misalignment_32	48	0.0	0.0	0.0	0.0	0.0	nan	nan	0	0	0.0	0.0	0	0	unscored	none
256	feat_block_misalignment_8	48	0.0	0.0	0.0	0.0	0.0	nan	nan	0	0	0.0	0.0	0	0	unscored	none
256	feat_cb_horiz_sharpness	48	0.10430251868908717	0.0	0.0	0.0	0.0	0.0	0.0	0	0	0.0	0.0	0	0	under-noise	none
256	feat_cb_peak_sharpness	48	7.36330876523742	0.0	0.0	0.0	0.0	0.0	0.0	0	0	0.0	0.0	0	0	under-noise	none
256	feat_cb_sharpness	48	0.012328643629548346	0.0	0.0	0.0	0.0	0.0	0.0	0	0	0.0	0.0	0	0	under-noise	none
256	feat_cb_vert_sharpness	48	0.06239078365179964	0.0	0.0	0.0	0.0	0.0	0.0	0	0	0.0	0.0	0	0	under-noise	none
256	feat_channel_count	48	0.0	0.0	0.0	0.0	0.0	nan	nan	0	0	0.0	0.0	0	0	unscored	none
256	feat_chroma_complexity	48	0.11632625055075928	0.0	0.0	0.0	0.0	0.0	0.0	0	0	0.0	0.0	0	0	under-noise	none
256	feat_chroma_luma_covariance_cb	48	0.40461025304039383	0.0	0.0	0.0	0.0	0.0	0.0	0	0	0.0	0.0	0	0	under-noise	none
256	feat_chroma_luma_covariance_cr	48	0.37185313204321774	0.0	0.0	0.0	0.0	0.0	0.0	0	0	0.0	0.0	0	0	under-noise	none
256	feat_chroma_subsample_dct_loss	48	1.8163990736555793	0.0	0.0	0.0	0.0	0.0	0.0	0	0	0.0	0.0	0	0	under-noise	none
256	feat_colourfulness	48	46.27098592192129	0.0	0.0	0.0	0.0	0.0	0.0	0	0	0.0	0.0	0	0	under-noise	none
256	feat_cr_horiz_sharpness	48	0.34197540588883996	0.0	0.0	0.0	0.0	0.0	0.0	0	0	0.0	0.0	0	0	under-noise	none
256	feat_cr_peak_sharpness	48	22.55455384851484	0.0	0.0	0.0	0.0	0.0	0.0	0	0	0.0	0.0	0	0	under-noise	none
256	feat_cr_sharpness	48	0.008544081585294913	0.0	0.0	0.0	0.0	0.0	0.0	0	0	0.0	0.0	0	0	under-noise	none
256	feat_cr_vert_sharpness	48	0.21094329425535555	0.0	0.0	0.0	0.0	0.0	0.0	0	0	0.0	0.0	0	0	under-noise	none
256	feat_dct_compressibility_uv	48	15.736645522099803	0.0	0.0	0.0	0.0	0.0	0.0	0	0	0.0	0.0	0	0	under-noise	none
256	feat_dct_compressibility_y	48	31.924035932489847	0.0	0.0	0.0	0.0	0.0	0.0	0	0	0.0	0.0	0	0	under-noise	none
256	feat_distinct_color_bins	48	1643.4084494115339	0.0	0.0	0.0	0.0	0.0	0.0	0	0	0.0	0.0	0	0	under-noise	none
256	feat_edge_density	48	0.15841144685274894	0.0	0.0	0.0	0.0	0.0	0.0	0	0	0.0	0.0	0	0	under-noise	none
256	feat_edge_slope_stdev	48	20.0179348173289	0.0	0.0	0.0	0.0	0.0	0.0	0	0	0.0	0.0	0	0	under-noise	none
256	feat_effective_bit_depth	48	0.0	0.0	0.0	0.0	0.0	nan	nan	0	0	0.0	0.0	0	0	unscored	none
256	feat_flat_color_block_ratio	48	0.34492147060921163	0.0	0.0	0.0	0.0	0.0	0.0	0	0	0.0	0.0	0	0	under-noise	none
256	feat_gamut_coverage_p3	48	0.0	0.0	0.0	0.0	0.0	nan	nan	0	0	0.0	0.0	0	0	unscored	none
256	feat_gamut_coverage_srgb	48	0.0	0.0	0.0	0.0	0.0	nan	nan	0	0	0.0	0.0	0	0	unscored	none
256	feat_gradient_fraction	48	0.25468910687439605	0.0	0.0	0.0	0.0	0.0	0.0	0	0	0.0	0.0	0	0	under-noise	none
256	feat_gradient_fraction_smooth	48	0.30273880412125787	0.0	0.0	0.0	0.0	0.0	0.0	0	0	0.0	0.0	0	0	under-noise	none
256	feat_grayscale_score	48	0.37764709187531703	0.0	0.0	0.0	0.0	0.0	0.0	0	0	0.0	0.0	0	0	under-noise	none
256	feat_hdr_headroom_stops	48	0.0	0.0	0.0	0.0	0.0	nan	nan	0	0	0.0	0.0	0	0	unscored	none
256	feat_hdr_pixel_fraction	48	0.0	0.0	0.0	0.0	0.0	nan	nan	0	0	0.0	0.0	0	0	unscored	none
256	feat_hdr_present	48	0.0	0.0	0.0	0.0	0.0	nan	nan	0	0	0.0	0.0	0	0	unscored	none
256	feat_high_freq_energy_ratio	48	0.15761038523784124	0.0	0.0	0.0	0.0	0.0	0.0	0	0	0.0	0.0	0	0	under-noise	none
256	feat_highlight_chroma_mean	48	0.0	0.0	0.0	0.0	0.0	nan	nan	0	0	0.0	0.0	0	0	unscored	none
256	feat_highlight_chroma_std	48	0.0	0.0	0.0	0.0	0.0	nan	nan	0	0	0.0	0.0	0	0	unscored	none
256	feat_highlight_edge_count	48	0.0	0.0	0.0	0.0	0.0	nan	nan	0	0	0.0	0.0	0	0	unscored	none
256	feat_highlight_luma_mean	48	0.0	0.0	0.0	0.0	0.0	nan	nan	0	0	0.0	0.0	0	0	unscored	none
256	feat_highlight_luma_std	48	0.0	0.0	0.0	0.0	0.0	nan	nan	0	0	0.0	0.0	0	0	unscored	none
256	feat_highlight_orientation_ratio	48	0.0	0.0	0.0	0.0	0.0	nan	nan	0	0	0.0	0.0	0	0	unscored	none
256	feat_info_weight_mean	48	1.5536834819949559	0.0	0.0	0.0	0.0	0.0	0.0	0	0	0.0	0.0	0	0	under-noise	none
256	feat_info_weight_p90	48	2.150856376566775	0.0	0.0	0.0	0.0	0.0	0.0	0	0	0.0	0.0	0	0	under-noise	none
256	feat_is_grayscale	48	0.24206145913796356	0.0	0.0	0.0	0.0	0.0	0.0	0	0	0.0	0.0	0	0	under-noise	none
256	feat_laplacian_variance	48	1.384818092074675	0.0	0.0	0.0	0.0	0.0	0.0	0	0	0.0	0.0	0	0	under-noise	none
256	feat_laplacian_variance_p1	48	0.0	0.0	0.0	0.0	0.0	nan	nan	0	0	0.0	0.0	0	0	unscored	none
256	feat_laplacian_variance_p10	48	0.6993920971497716	0.0	0.0	0.0	0.0	0.0	0.0	0	0	0.0	0.0	0	0	under-noise	none
256	feat_laplacian_variance_p5	48	0.31663925319938885	0.0	0.0	0.0	0.0	0.0	0.0	0	0	0.0	0.0	0	0	under-noise	none
256	feat_laplacian_variance_p50	48	6.363108462501292	0.0	0.0	0.0	0.0	0.0	0.0	0	0	0.0	0.0	0	0	under-noise	none
256	feat_laplacian_variance_p75	48	33.01428036976322	0.0	0.0	0.0	0.0	0.0	0.0	0	0	0.0	0.0	0	0	under-noise	none
256	feat_laplacian_variance_p90	48	69.22858674147713	0.0	0.0	0.0	0.0	0.0	0.0	0	0	0.0	0.0	0	0	under-noise	none
256	feat_laplacian_variance_p99	48	74.98277579995732	0.0	0.0	0.0	0.0	0.0	0.0	0	0	0.0	0.0	0	0	under-noise	none
256	feat_laplacian_variance_peak	48	65.78764237217267	0.0	0.0	0.0	0.0	0.0	0.0	0	0	0.0	0.0	0	0	under-noise	none
256	feat_log_aspect_abs	48	0.0	0.0	0.0	0.0	0.0	nan	nan	0	0	0.0	0.0	0	0	unscored	none
256	feat_log_padded_pixels_16	48	0.0	0.0	0.0	0.0	0.0	nan	nan	0	0	0.0	0.0	0	0	unscored	none
256	feat_log_padded_pixels_32	48	0.0	0.0	0.0	0.0	0.0	nan	nan	0	0	0.0	0.0	0	0	unscored	none
256	feat_log_padded_pixels_8	48	0.0	0.0	0.0	0.0	0.0	nan	nan	0	0	0.0	0.0	0	0	unscored	none
256	feat_log_pixels	48	0.0	0.0	0.0	0.0	0.0	nan	nan	0	0	0.0	0.0	0	0	unscored	none
256	feat_luma_histogram_entropy	48	1.5536382114525984	0.0	0.0	0.0	0.0	0.0	0.0	0	0	0.0	0.0	0	0	under-noise	none
256	feat_luma_kurtosis	48	18.151391408991373	0.0	0.0	0.0	0.0	0.0	0.0	0	0	0.0	0.0	0	0	under-noise	none
256	feat_max_dim	48	0.0	0.0	0.0	0.0	0.0	nan	nan	0	0	0.0	0.0	0	0	unscored	none
256	feat_min_dim	48	0.0	0.0	0.0	0.0	0.0	nan	nan	0	0	0.0	0.0	0	0	unscored	none
256	feat_noise_floor_uv	48	0.04446723926714705	0.0	0.0	0.0	0.0	0.0	0.0	0	0	0.0	0.0	0	0	under-noise	none
256	feat_noise_floor_uv_p25	48	0.09068461382815406	0.0	0.0	0.0	0.0	0.0	0.0	0	0	0.0	0.0	0	0	under-noise	none
256	feat_noise_floor_uv_p50	48	0.16507483346426763	0.0	0.0	0.0	0.0	0.0	0.0	0	0	0.0	0.0	0	0	under-noise	none
256	feat_noise_floor_uv_p75	48	0.28583113234951013	0.0	0.0	0.0	0.0	0.0	0.0	0	0	0.0	0.0	0	0	under-noise	none
256	feat_noise_floor_uv_p90	48	0.3921894122851044	0.0	0.0	0.0	0.0	0.0	0.0	0	0	0.0	0.0	0	0	under-noise	none
256	feat_noise_floor_y	48	0.24133191774405233	0.0	0.0	0.0	0.0	0.0	0.0	0	0	0.0	0.0	0	0	under-noise	none
256	feat_noise_floor_y_p1	48	0.1152552013883973	0.0	0.0	0.0	0.0	0.0	0.0	0	0	0.0	0.0	0	0	under-noise	none
256	feat_noise_floor_y_p10	48	0.24133191774405233	0.0	0.0	0.0	0.0	0.0	0.0	0	0	0.0	0.0	0	0	under-noise	none
256	feat_noise_floor_y_p25	48	0.2955583429200415	0.0	0.0	0.0	0.0	0.0	0.0	0	0	0.0	0.0	0	0	under-noise	none
256	feat_noise_floor_y_p5	48	0.22222196590191742	0.0	0.0	0.0	0.0	0.0	0.0	0	0	0.0	0.0	0	0	under-noise	none
256	feat_noise_floor_y_p50	48	0.3870531202517982	0.0	0.0	0.0	0.0	0.0	0.0	0	0	0.0	0.0	0	0	under-noise	none
256	feat_noise_floor_y_p75	48	0.39410431362670134	0.0	0.0	0.0	0.0	0.0	0.0	0	0	0.0	0.0	0	0	under-noise	none
256	feat_noise_floor_y_p90	48	0.2623592216441652	0.0	0.0	0.0	0.0	0.0	0.0	0	0	0.0	0.0	0	0	under-noise	none
256	feat_orientation_energy_ratio	48	0.08432101924101396	0.0	0.0	0.0	0.0	0.0	0.0	0	0	0.0	0.0	0	0	under-noise	none
256	feat_p99_luminance_nits	48	0.0	0.0	0.0	0.0	0.0	nan	nan	0	0	0.0	0.0	0	0	unscored	none
256	feat_palette_density	48	0.05015284575084155	0.0	0.0	0.0	0.0	0.0	0.0	0	0	0.0	0.0	0	0	under-noise	none
256	feat_palette_fits_in_256	48	0.4930066485916347	0.0	0.0	0.0	0.0	0.0	0.0	0	0	0.0	0.0	0	0	under-noise	none
256	feat_palette_log2_size	48	3.0051316064728715	0.0	0.0	0.0	0.0	0.0	0.0	0	0	0.0	0.0	0	0	under-noise	none
256	feat_patch_fraction	48	0.3792867159571509	0.0	0.0	0.0	0.0	0.0	0.0	0	0	0.0	0.0	0	0	under-noise	none
256	feat_patch_fraction_fast	48	0.38950658216857104	0.0	0.0	0.0	0.0	0.0	0.0	0	0	0.0	0.0	0	0	under-noise	none
256	feat_peak_luminance_nits	48	0.0	0.0	0.0	0.0	0.0	nan	nan	0	0	0.0	0.0	0	0	unscored	none
256	feat_pixel_count	48	0.0	0.0	0.0	0.0	0.0	nan	nan	0	0	0.0	0.0	0	0	unscored	none
256	feat_quant_survival_uv	48	0.021829745783598985	0.0	0.0	0.0	0.0	0.0	0.0	0	0	0.0	0.0	0	0	under-noise	none
256	feat_quant_survival_uv_p10	48	0.0038422456051087944	0.0	0.0	0.0	0.0	0.0	0.0	0	0	0.0	0.0	0	0	under-noise	none
256	feat_quant_survival_uv_p25	48	0.010822135659555568	0.0	0.0	0.0	0.0	0.0	0.0	0	0	0.0	0.0	0	0	under-noise	none
256	feat_quant_survival_uv_p50	48	0.022901177758486675	0.0	0.0	0.0	0.0	0.0	0.0	0	0	0.0	0.0	0	0	under-noise	none
256	feat_quant_survival_uv_p75	48	0.03409614518952981	0.0	0.0	0.0	0.0	0.0	0.0	0	0	0.0	0.0	0	0	under-noise	none
256	feat_quant_survival_y	48	0.0742351482038255	0.0	0.0	0.0	0.0	0.0	0.0	0	0	0.0	0.0	0	0	under-noise	none
256	feat_quant_survival_y_p1	48	0.012648539947092509	0.0	0.0	0.0	0.0	0.0	0.0	0	0	0.0	0.0	0	0	under-noise	none
256	feat_quant_survival_y_p10	48	0.025251649655737222	0.0	0.0	0.0	0.0	0.0	0.0	0	0	0.0	0.0	0	0	under-noise	none
256	feat_quant_survival_y_p25	48	0.036936514117170874	0.0	0.0	0.0	0.0	0.0	0.0	0	0	0.0	0.0	0	0	under-noise	none
256	feat_quant_survival_y_p5	48	0.020746544304763557	0.0	0.0	0.0	0.0	0.0	0.0	0	0	0.0	0.0	0	0	under-noise	none
256	feat_quant_survival_y_p50	48	0.08741612826062804	0.0	0.0	0.0	0.0	0.0	0.0	0	0	0.0	0.0	0	0	under-noise	none
256	feat_quant_survival_y_p75	48	0.14765721374915725	0.0	0.0	0.0	0.0	0.0	0.0	0	0	0.0	0.0	0	0	under-noise	none
256	feat_skin_tone_fraction	48	0.19236242725425143	0.0	0.0	0.0	0.0	0.0	0.0	0	0	0.0	0.0	0	0	under-noise	none
256	feat_spectral_slope_y	45	0.3697510823906083	0.0	0.0	0.0	0.0	0.0	0.0	0	0	0.0	0.0	0	0	under-noise	none
256	feat_uniformity	48	0.29906357110289095	0.0	0.0	0.0	0.0	0.0	0.0	0	0	0.0	0.0	0	0	under-noise	none
256	feat_variance	48	2238.4002425451977	0.0	0.0	0.0	0.0	0.0	0.0	0	0	0.0	0.0	0	0	under-noise	none
256	feat_variance_spread	48	0.35448579740974284	0.0	0.0	0.0	0.0	0.0	0.0	0	0	0.0	0.0	0	0	under-noise	none
256	feat_wide_gamut_fraction	48	0.0	0.0	0.0	0.0	0.0	nan	nan	0	0	0.0	0.0	0	0	unscored	none
256	feat_wide_gamut_peak	48	0.0	0.0	0.0	0.0	0.0	nan	nan	0	0	0.0	0.0	0	0	unscored	none
256	feat_xyb444_color_loss	48	0.07726903402927372	0.0	0.0	0.0	0.0	0.0	0.0	0	0	0.0	0.0	0	0	under-noise	none
256	feat_xyb_bquarter_chroma_loss	48	1.1111021375395718	0.0	0.0	0.0	0.0	0.0	0.0	0	0	0.0	0.0	0	0	under-noise	none
1024	feat_alpha_bimodal_score	48	0.0	0.0	0.0	0.0	0.0	nan	nan	0	0	0.0	0.0	0	0	unscored	none
1024	feat_alpha_present	48	0.0	0.0	0.0	0.0	0.0	nan	nan	0	0	0.0	0.0	0	0	unscored	none
1024	feat_alpha_used_fraction	48	0.0	0.0	0.0	0.0	0.0	nan	nan	0	0	0.0	0.0	0	0	unscored	none
1024	feat_aq_map_mean	48	0.978701059067241	0.0551919940000003	0.1590251920000001	0.01988932699132397	0.06973945289515725	0.05639310746491015	0.1624859711008797	48	0	0.0	0.06292738336458337	28	48	material	hf_max_blocks
1024	feat_aq_map_p1	48	0.8009798719643154	0.0	0.29762819377519545	0.0	1.2736698394886852	0.0	0.37158011604623087	23	0	0.0	0.04060727476363355	19	23	material	hf_max_blocks
1024	feat_aq_map_p10	48	0.9633514457283834	0.001879692000000155	1.4771213526751954	0.0010231430549876245	4547723399.104195	0.001951200684168728	1.5333151356391583	25	0	0.0	0.16923551136303305	14	25	enormous	hf_max_blocks
1024	feat_aq_map_p5	48	0.9043957105360212	0.0	0.22220128770000003	0.0	0.37885105425305954	0.0	0.24569033788130729	20	0	0.0	0.06723689407364011	11	20	material	hf_max_blocks
1024	feat_aq_map_p50	48	1.723640492982702	0.014760851999999991	0.23920249900000012	0.006908812314482362	0.11881047440698986	0.008563764926673793	0.1387774886780875	36	0	0.0	0.04901570588076051	25	36	material	hf_max_blocks
1024	feat_aq_map_p75	48	1.6034273276734539	0.020475148999999693	0.39278435700000003	0.004918174862760654	0.125355684631415	0.01276961459158164	0.24496548750352382	42	0	0.0	0.10688372954166653	8	42	material	hf_max_blocks
1024	feat_aq_map_p90	48	0.5640831322181752	0.042314768000000225	0.1256599429999996	0.008037044811075972	0.030167180634778183	0.07501512735118232	0.2227684818474541	48	0	0.0	0.11669844884785581	30	48	material	hf_max_blocks
1024	feat_aq_map_p95	48	0.49507090678118404	0.016242265999999894	0.07329845400000057	0.0035344214990253005	0.015926845735836952	0.0328079589762256	0.14805647634712998	48	0	0.0	0.027460485541666652	27	48	material	hf_max_blocks
1024	feat_aq_map_p99	48	0.37663715740096015	0.013580560499999894	0.05846929599999928	0.0024540011739607416	0.012216143317139662	0.03605741025053009	0.15524038149468633	45	0	0.0	0.02923224370833318	15	45	material	hf_max_blocks
1024	feat_aq_map_std	48	0.5880490472408971	0.021044194499999835	0.11469674099999994	0.020186713715643515	0.07499142190721238	0.035786461348315014	0.19504621517227602	48	0	0.0	0.03645531330833331	27	48	material	hf_max_blocks
1024	feat_aspect_min_over_max	48	0.0	0.0	0.0	0.0	0.0	nan	nan	0	0	0.0	0.0	0	0	unscored	none
1024	feat_bitmap_bytes	48	0.0	0.0	0.0	0.0	0.0	nan	nan	0	0	0.0	0.0	0	0	unscored	none
1024	feat_block_misalignment_32	48	0.0	0.0	0.0	0.0	0.0	nan	nan	0	0	0.0	0.0	0	0	unscored	none
1024	feat_block_misalignment_8	48	0.0	0.0	0.0	0.0	0.0	nan	nan	0	0	0.0	0.0	0	0	unscored	none
1024	feat_cb_horiz_sharpness	48	0.04552467167327357	2.000003500000013e-05	0.0020800009000000036	0.00709225235149034	0.019624501349538196	0.00043932299267391894	0.04568953105094268	41	0	0.0004358333016249993	0.0	41	41	under-noise	pixel_budget
1024	feat_cb_peak_sharpness	48	24.096990072528882	0.0	1.0	0.0	0.18181818181818182	0.0	0.04149895887370692	4	0	0.125	0.0	4	4	under-noise	pixel_budget
1024	feat_cb_sharpness	48	0.004458004564465737	4.39321160000004e-05	0.0004960484800000005	0.007490158915754427	0.041561117679630194	0.00985465926844904	0.111271415905212	48	0	0.00011029649209375006	0.0	48	48	material	pixel_budget
1024	feat_cb_vert_sharpness	48	0.04117299068133316	0.0002699992650000045	0.0010599999219999996	0.009519942544467957	0.19034090166499879	0.0065576792098907604	0.025745031013270015	42	0	0.0003639579954145839	0.0	42	42	under-noise	pixel_budget
1024	feat_channel_count	48	0.0	0.0	0.0	0.0	0.0	nan	nan	0	0	0.0	0.0	0	0	unscored	none
1024	feat_chroma_complexity	48	0.07900189947160882	0.0002907961499999945	0.002524778200000022	0.0025346887485426847	0.011177147708417056	0.0036808754212865336	0.031958449314340345	48	0	0.0005568701235416654	0.0	48	48	under-noise	pixel_budget
1024	feat_chroma_luma_covariance_cb	48	0.28371769025490845	0.002419002400000002	0.009375393400000043	0.01724724949132435	0.14627751342519452	0.00852608943004798	0.03304479671879693	48	0	0.0038638957002500077	0.0	48	48	under-noise	pixel_budget
1024	feat_chroma_luma_covariance_cr	48	0.2559294925643343	0.0024124775049999964	0.0063666775800000075	0.016663035072832646	0.20616433916912164	0.009426336452386627	0.02487668582548994	48	0	0.0036736027087083405	0.0	48	48	under-noise	pixel_budget
1024	feat_chroma_subsample_dct_loss	48	0.924419999835316	0.0	0.0	0.0	0.0	0.0	0.0	0	0	0.0	0.0	0	0	under-noise	none
1024	feat_colourfulness	48	32.707546466451795	0.07626340000000198	0.701507570000004	0.0015760717115419023	0.0083386076329629	0.002331675965918921	0.021447881170773293	48	0	0.16183566666666693	0.0	48	48	under-noise	pixel_budget
1024	feat_cr_horiz_sharpness	48	0.22375123494286275	0.00019499938849999992	0.01335996390000005	0.012188859293259916	0.02881533874715427	0.0008715008368548003	0.05970900631414015	45	0	0.0025493708958125028	0.0	45	45	material	pixel_budget
1024	feat_cr_peak_sharpness	48	66.05928721295237	0.0	66.0	0.0	0.3333333333333333	0.0	0.9991025150973663	10	0	4.291666666666667	0.0	10	10	enormous	pixel_budget
1024	feat_cr_sharpness	48	0.003700960830409032	4.531256900000037e-05	0.0003493642429999999	0.005740428290282232	0.06686362364676436	0.01224346084067915	0.0943982546719869	48	0	8.519742855833333e-05	0.0	48	48	material	pixel_budget
1024	feat_cr_vert_sharpness	48	0.2468191468823414	0.001494999973	0.06026000157	0.025126089204578463	1.9438710503669108	0.00605706644676422	0.24414638139368466	46	0	0.011025000688854163	0.0	46	46	material	pixel_budget
1024	feat_dct_compressibility_uv	48	11.777684738106348	0.3807983400000001	5.651977539999997	0.07434649024912841	0.3258229358601484	0.03233218993949961	0.47988867639776367	48	0	0.0	1.0621083570833332	33	48	material	hf_max_blocks
1024	feat_dct_compressibility_y	48	20.5698811028761	1.1141357399999947	5.543762210000004	0.03782694557920764	0.20632994739768862	0.0541634506503888	0.2695087143320858	48	0	0.0	1.6706937146666672	26	48	material	hf_max_blocks
1024	feat_distinct_color_bins	48	2524.9816047184713	0.0	0.0	0.0	0.0	0.0	0.0	0	0	0.0	0.0	0	0	under-noise	none
1024	feat_edge_density	48	0.09196369452527121	0.0011705234400000014	0.0052918419000000105	0.010432559188111463	0.04544773650943442	0.012728103693989226	0.05754272843557667	48	0	0.0018925212666666693	0.0	48	48	material	pixel_budget
1024	feat_edge_slope_stdev	48	21.331232421100122	0.305736545000002	1.7120094299999948	0.0068538477304134916	0.07725633421059723	0.014332812045945265	0.08025834589409536	48	0	0.5616746549999997	0.0	48	48	material	pixel_budget
1024	feat_effective_bit_depth	48	0.0	0.0	0.0	0.0	0.0	nan	nan	0	0	0.0	0.0	0	0	unscored	none
1024	feat_flat_color_block_ratio	48	0.2977298305379953	0.0022583008000000016	0.019592285200000004	0.019029581493010088	0.11363636354327268	0.007585067293792064	0.065805583419696	46	0	0.006306966149666668	0.0	46	46	material	pixel_budget
1024	feat_gamut_coverage_p3	48	0.0	0.0	0.0	0.0	0.0	nan	nan	0	0	0.0	0.0	0	0	unscored	none
1024	feat_gamut_coverage_srgb	48	0.0	0.0	0.0	0.0	0.0	nan	nan	0	0	0.0	0.0	0	0	unscored	none
1024	feat_gradient_fraction	48	0.12487956543488447	0.011657714799999996	0.041015625	0.07375776405465839	0.2786989797877551	0.09335166053311292	0.3284414456213546	48	0	0.0	0.014373779287916666	27	48	material	hf_max_blocks
1024	feat_gradient_fraction_smooth	48	0.23132746199078902	0.006393499650000037	0.027459114800000017	0.010833906180282862	0.082284227133456	0.027638308028705268	0.11870235623426925	48	0	0.0	0.009572954685416675	19	48	material	hf_max_blocks
1024	feat_grayscale_score	48	0.24678981839968334	0.0	0.0	0.0	0.0	0.0	0.0	0	0	0.0	0.0	0	0	under-noise	none
1024	feat_hdr_headroom_stops	48	0.0	0.0	0.0	0.0	0.0	nan	nan	0	0	0.0	0.0	0	0	unscored	none
1024	feat_hdr_pixel_fraction	48	0.0	0.0	0.0	0.0	0.0	nan	nan	0	0	0.0	0.0	0	0	unscored	none
1024	feat_hdr_present	48	0.0	0.0	0.0	0.0	0.0	nan	nan	0	0	0.0	0.0	0	0	unscored	none
1024	feat_high_freq_energy_ratio	48	0.08865840255419005	0.005863539849999995	0.0300131441	0.02753849086965697	0.1124395567078873	0.0661363128713724	0.33852565842989646	48	0	0.0	0.008627437605416666	20	48	material	hf_max_blocks
1024	feat_highlight_chroma_mean	48	0.0	0.0	0.0	0.0	0.0	nan	nan	0	0	0.0	0.0	0	0	unscored	none
1024	feat_highlight_chroma_std	48	0.0	0.0	0.0	0.0	0.0	nan	nan	0	0	0.0	0.0	0	0	unscored	none
1024	feat_highlight_edge_count	48	0.0	0.0	0.0	0.0	0.0	nan	nan	0	0	0.0	0.0	0	0	unscored	none
1024	feat_highlight_luma_mean	48	0.0	0.0	0.0	0.0	0.0	nan	nan	0	0	0.0	0.0	0	0	unscored	none
1024	feat_highlight_luma_std	48	0.0	0.0	0.0	0.0	0.0	nan	nan	0	0	0.0	0.0	0	0	unscored	none
1024	feat_highlight_orientation_ratio	48	0.0	0.0	0.0	0.0	0.0	nan	nan	0	0	0.0	0.0	0	0	unscored	none
1024	feat_info_weight_mean	48	0.9481174021992335	0.071779013	0.1828982830000001	0.02335015557777198	0.16558995521627828	0.0757068827483842	0.1929067883109761	48	0	0.0	0.08755602555833336	21	48	material	hf_max_blocks
1024	feat_info_weight_p90	48	1.7915043959016281	0.11860680599999962	0.38128662099999966	0.020043282262188083	0.11405343885207853	0.06620514371682978	0.21283041329524943	48	0	0.0	0.1681020360208333	30	48	material	hf_max_blocks
1024	feat_is_grayscale	48	0.0	0.0	0.0	0.0	0.0	nan	nan	0	0	0.0	0.0	0	0	unscored	none
1024	feat_laplacian_variance	48	3.3500665656773236	0.029389768949999617	0.4131379129999999	0.013777615525196883	0.08970915666214704	0.008772891037780776	0.12332229969181846	48	0	0.08567780622645832	0.0	48	48	material	pixel_budget
1024	feat_laplacian_variance_p1	48	0.0	0.0	0.0	0.0	0.0	nan	nan	0	0	0.0	0.0	0	0	unscored	none
1024	feat_laplacian_variance_p10	48	0.6236095644623235	0.0	0.0	0.0	0.0	0.0	0.0	0	0	0.0	0.0	0	0	under-noise	none
1024	feat_laplacian_variance_p5	48	0.19982631347136331	0.0	0.0	0.0	0.0	0.0	0.0	0	0	0.0	0.0	0	0	under-noise	none
1024	feat_laplacian_variance_p50	48	4.1994026526267865	0.0	0.0	0.0	0.0	0.0	0.0	0	0	0.0	0.0	0	0	under-noise	none
1024	feat_laplacian_variance_p75	48	20.842622928881948	0.0	1.0	0.0	0.047619047619047616	0.0	0.04797860631131432	5	0	0.10416666666666667	0.0	5	5	under-noise	pixel_budget
1024	feat_laplacian_variance_p90	48	48.14344884474591	1.0	8.0	0.011494252873563218	0.2	0.02077125806306114	0.16617006450448912	28	0	1.4583333333333333	0.0	28	28	material	pixel_budget
1024	feat_laplacian_variance_p99	48	71.7588070475596	0.0	5.0	0.0	0.03205128205128205	0.0	0.06967785844998996	20	0	1.25	0.0	20	20	material	pixel_budget
1024	feat_laplacian_variance_peak	48	11.758843451018283	0.0	7.0	0.0	0.035	0.0	0.5952966402825798	3	0	1.4791666666666667	0.0	3	3	enormous	pixel_budget
1024	feat_log_aspect_abs	48	0.0	0.0	0.0	0.0	0.0	nan	nan	0	0	0.0	0.0	0	0	unscored	none
1024	feat_log_padded_pixels_16	48	0.0	0.0	0.0	0.0	0.0	nan	nan	0	0	0.0	0.0	0	0	unscored	none
1024	feat_log_padded_pixels_32	48	0.0	0.0	0.0	0.0	0.0	nan	nan	0	0	0.0	0.0	0	0	unscored	none
1024	feat_log_padded_pixels_8	48	0.0	0.0	0.0	0.0	0.0	nan	nan	0	0	0.0	0.0	0	0	unscored	none
1024	feat_log_pixels	48	0.0	0.0	0.0	0.0	0.0	nan	nan	0	0	0.0	0.0	0	0	unscored	none
1024	feat_luma_histogram_entropy	48	0.9014736006504774	0.0	0.0	0.0	0.0	0.0	0.0	0	0	0.0	0.0	0	0	under-noise	none
1024	feat_luma_kurtosis	48	12.229057726764102	0.3639450049999997	1.8484706899999992	0.020503813920342596	0.09449923477581583	0.02976067438159867	0.15115397533486974	48	0	0.6184181866666666	0.0	48	48	material	pixel_budget
1024	feat_max_dim	48	0.0	0.0	0.0	0.0	0.0	nan	nan	0	0	0.0	0.0	0	0	unscored	none
1024	feat_min_dim	48	0.0	0.0	0.0	0.0	0.0	nan	nan	0	0	0.0	0.0	0	0	unscored	none
1024	feat_noise_floor_uv	48	0.017361066314416473	0.0	0.007622700179999997	0.0	0.18548345006538194	0.0	0.4390686632923103	17	0	0.0	0.0010356327014999995	11	17	material	hf_max_blocks
1024	feat_noise_floor_uv_p25	48	0.02517983669622865	0.0	0.004458360369999997	0.0	0.1543688148757057	0.0	0.17706073410189174	22	0	0.0	0.001180195473545364	12	22	material	hf_max_blocks
1024	feat_noise_floor_uv_p50	48	0.04705161495731754	0.00021669697911690783	0.006815925230000006	0.03351609009235418	2.9999999993824917	0.004605516289153573	0.1448606011968561	31	0	0.0	0.001957787805404228	21	31	material	hf_max_blocks
1024	feat_noise_floor_uv_p75	48	0.16751171585134056	0.0075963437299999895	0.17831686140000003	0.049028116152759704	0.3325096597755473	0.04534813395823262	1.064503819889521	41	0	0.0	0.0211103098848711	20	41	enormous	hf_max_blocks
1024	feat_noise_floor_uv_p90	48	0.2896690206045355	0.010757088699999973	0.2302663922	0.027408419627643607	0.27002480821054414	0.03713579269730007	0.7949293014469999	45	0	0.0	0.0385767684486352	31	45	enormous	hf_max_blocks
1024	feat_noise_floor_y	48	0.06271466815649546	0.0003932192900000034	0.037344691745357206	0.012296876164825306	180161.40144733002	0.006269973222512811	0.595469813412213	25	0	0.0	0.0059349392085014906	10	25	enormous	hf_max_blocks
1024	feat_noise_floor_y_p1	48	0.0334774755426108	0.0	0.0049341432749999995	0.0	1.1354244332817887	0.0	0.14738695779852704	22	0	0.0	0.001485339550830412	15	22	material	hf_max_blocks
1024	feat_noise_floor_y_p10	48	0.06271466815649546	0.0003932192900000034	0.037344691745357206	0.012296876164825306	180161.40144733002	0.006269973222512811	0.595469813412213	25	0	0.0	0.0059349392085014906	10	25	enormous	hf_max_blocks
1024	feat_noise_floor_y_p25	48	0.10215403607462897	0.0011843368399999943	0.02998584509999999	0.020346585157393265	0.25555172608547844	0.011593637270824748	0.2935355885311642	28	0	0.0	0.008063111046889953	24	28	material	hf_max_blocks
1024	feat_noise_floor_y_p5	48	0.05179432338230661	0.0	0.013398840999999995	0.0	0.8209028497057405	0.0	0.2586932336406803	20	0	0.0	0.0021512660701243423	8	20	material	hf_max_blocks
1024	feat_noise_floor_y_p50	48	0.31684848885229266	0.0005006790000000594	0.18722504380000005	0.014027718980918688	0.23035286996949433	0.0015801842761303626	0.5908977015423923	33	0	0.0	0.022716410523407036	21	33	enormous	hf_max_blocks
1024	feat_noise_floor_y_p75	48	0.3731814027350175	0.0	0.13064301020000002	0.0	0.23279840503640412	0.0	0.3500791015911499	20	0	0.0	0.02271714127520834	12	20	material	hf_max_blocks
1024	feat_noise_floor_y_p90	48	0.12849637521631954	0.0	0.060663700099999995	0.0	0.08234209044405373	0.0	0.47210436868646755	9	0	0.0	0.01660603855765194	4	9	material	hf_max_blocks
1024	feat_orientation_energy_ratio	48	0.03636451311883825	0.0006828309999999949	0.001675962999999836	0.0005832466309411935	0.001505288278895102	0.018777399762469567	0.046087871286020904	48	0	0.0009287297291666607	0.0	48	48	under-noise	pixel_budget
1024	feat_p99_luminance_nits	48	0.0	0.0	0.0	0.0	0.0	nan	nan	0	0	0.0	0.0	0	0	unscored	none
1024	feat_palette_density	48	0.07705632338284077	0.0	0.0	0.0	0.0	0.0	0.0	0	0	0.0	0.0	0	0	under-noise	none
1024	feat_palette_fits_in_256	48	0.0	0.0	0.0	0.0	0.0	nan	nan	0	0	0.0	0.0	0	0	unscored	none
1024	feat_palette_log2_size	48	1.5132516497779065	0.0	0.0	0.0	0.0	0.0	0.0	0	0	0.0	0.0	0	0	under-noise	none
1024	feat_patch_fraction	48	0.33875966022726406	0.018463134755	0.0633544922	0.14197024628567217	5310058594.0	0.054502164580675326	0.18701899794532	48	0	0.0	0.02769470214422917	25	48	material	hf_max_blocks
1024	feat_patch_fraction_fast	48	0.35427726568435497	0.02026367189	0.0637817383	0.08309478373944021	732421875.0	0.057197212050445305	0.1800333932712088	44	0	0.0	0.02555592854936667	25	44	material	hf_max_blocks
1024	feat_peak_luminance_nits	48	0.0	0.0	0.0	0.0	0.0	nan	nan	0	0	0.0	0.0	0	0	unscored	none
1024	feat_pixel_count	48	0.0	0.0	0.0	0.0	0.0	nan	nan	0	0	0.0	0.0	0	0	unscored	none
1024	feat_quant_survival_uv	48	0.011724249682517346	0.000571599229999999	0.00218660943	0.043179165689087626	0.4863827343147228	0.0487535872638691	0.18650314427033826	48	0	0.0	0.00071770795325	28	48	material	hf_max_blocks
1024	feat_quant_survival_uv_p10	48	0.0	0.0	0.0	0.0	0.0	nan	nan	0	0	0.0	0.0	0	0	unscored	none
1024	feat_quant_survival_uv_p25	48	0.0	0.0	0.0	0.0	0.0	nan	nan	0	0	0.0	0.0	0	0	unscored	none
1024	feat_quant_survival_uv_p50	48	0.003171846428814753	0.0	0.0	0.0	0.0	0.0	0.0	0	0	0.0	0.0	0	0	under-noise	none
1024	feat_quant_survival_uv_p75	48	0.020987608755765424	0.0	0.01587301493	0.0	0.19999998125120064	0.0	0.7563041180496365	5	0	0.0	0.0016534390552083332	5	5	enormous	hf_max_blocks
1024	feat_quant_survival_y	48	0.041911790787286525	0.003930952415000008	0.011009573900000014	0.035751320883494815	0.16494321475525264	0.0937910869747999	0.26268440677890686	48	0	0.0	0.004453809499166667	28	48	material	hf_max_blocks
1024	feat_quant_survival_y_p1	48	0.0	0.0	0.0	0.0	0.0	nan	nan	0	0	0.0	0.0	0	0	unscored	none
1024	feat_quant_survival_y_p10	48	0.006343692857629506	0.0	0.0	0.0	0.0	0.0	0.0	0	0	0.0	0.0	0	0	under-noise	none
1024	feat_quant_survival_y_p25	48	0.013489470391965984	0.0	0.01587301679	0.0	15873016790.0	0.0	1.1766968108291043	9	0	0.0	0.002976190725625	9	9	enormous	hf_max_blocks
1024	feat_quant_survival_y_p5	48	0.003171846428814753	0.0	0.0	0.0	0.0	0.0	0.0	0	0	0.0	0.0	0	0	under-noise	none
1024	feat_quant_survival_y_p50	48	0.04164960560393896	0.0	0.0317460299	0.0	0.49999994141000337	0.0	0.7622168190951046	11	0	0.0	0.004629629433958333	11	11	enormous	hf_max_blocks
1024	feat_quant_survival_y_p75	48	0.09690451610185193	0.007936507449999991	0.031746044799999984	0.02499999777137506	0.49999994141000337	0.08190028462304368	0.32760129328372234	24	0	0.0	0.00992063732208333	24	24	material	hf_max_blocks
1024	feat_skin_tone_fraction	48	0.24118149510903622	0.0007581710549999995	0.0035543442000000036	0.0049736685421222565	0.03976886469486096	0.0031435705905100077	0.014737217705666486	42	0	0.0009426871933604151	0.0	42	42	under-noise	pixel_budget
1024	feat_spectral_slope_y	48	0.21994029203889134	0.028330087599999998	0.08533763800000016	0.024614497062231278	0.06539115018619324	0.12880808394575777	0.38800365866982744	48	0	0.0	0.037398497237499995	23	48	material	hf_max_blocks
1024	feat_uniformity	48	0.20697220424038934	0.004638671849999998	0.020446777299999996	0.009661143908579948	0.03627591145409961	0.022412052222299278	0.09878996735354831	48	0	0.007944742835833333	0.0	48	48	material	pixel_budget
1024	feat_variance	48	2911.185846212654	14.67895499999986	48.90331999999944	0.0031648460412247387	0.01582934187418753	0.005042259675415997	0.01679841912656345	48	0	18.041753187499907	0.0	48	48	under-noise	pixel_budget
1024	feat_variance_spread	48	0.2643243514068366	0.020396530699999915	0.11971926700000002	0.020966204781519934	0.1054363316000909	0.07716478104057262	0.452925605843002	48	0	0.042545878735416646	0.0	48	48	material	pixel_budget
1024	feat_wide_gamut_fraction	48	0.0	0.0	0.0	0.0	0.0	nan	nan	0	0	0.0	0.0	0	0	unscored	none
1024	feat_wide_gamut_peak	48	0.0	0.0	0.0	0.0	0.0	nan	nan	0	0	0.0	0.0	0	0	unscored	none
1024	feat_xyb444_color_loss	48	0.03511316278807358	0.0	0.0	0.0	0.0	0.0	0.0	0	0	0.0	0.0	0	0	under-noise	none
1024	feat_xyb_bquarter_chroma_loss	48	0.581642017759779	0.0	0.0	0.0	0.0	0.0	0.0	0	0	0.0	0.0	0	0	under-noise	none
2048	feat_alpha_bimodal_score	48	0.0	0.0	0.0	0.0	0.0	nan	nan	0	0	0.0	0.0	0	0	unscored	none
2048	feat_alpha_present	48	0.0	0.0	0.0	0.0	0.0	nan	nan	0	0	0.0	0.0	0	0	unscored	none
2048	feat_alpha_used_fraction	48	0.0	0.0	0.0	0.0	0.0	nan	nan	0	0	0.0	0.0	0	0	unscored	none
2048	feat_aq_map_mean	48	0.7197958440762193	0.2192327974999999	0.5461843019999999	0.08921525883341491	0.22296613384532238	0.30457635912216424	0.7588044672596975	48	0	0.0	0.23446132239583337	34	48	enormous	hf_max_blocks
2048	feat_aq_map_p1	48	0.32672425262985333	0.0	0.10108864299999998	0.0	0.46488041567137467	0.0	0.30940048737221704	7	0	0.0	0.013787274537544943	3	7	material	hf_max_blocks
2048	feat_aq_map_p10	48	0.6334550785807076	0.0	0.47164785899999995	0.0	0.5934375390556859	0.0	0.7445640187410827	22	0	0.0	0.07087535971407673	17	22	enormous	hf_max_blocks
2048	feat_aq_map_p5	48	0.5016231958940462	0.0	0.9993234872173634	0.0	12092989061.928999	0.0	1.9921795790090264	17	0	0.0	0.12562001736899178	13	17	enormous	hf_max_blocks
2048	feat_aq_map_p50	48	1.518776304584707	0.11717093050000016	0.8432154650000001	0.04753172164887118	0.24219931934679942	0.07714824766905966	0.555193982454558	35	0	0.0	0.23015145956425667	24	35	enormous	hf_max_blocks
2048	feat_aq_map_p75	48	0.5754059613707986	0.3203939200000001	2.1454191209999998	0.08598486930692856	0.6151133958276838	0.5568136959108325	3.7285312718848695	48	0	0.0	0.5406265681874999	35	48	enormous	hf_max_blocks
2048	feat_aq_map_p90	48	0.45202438606833706	0.061933994000000325	0.3102278710000004	0.012643811949996628	0.06237389228053606	0.13701471847281518	0.6863078200234536	48	0	0.0	0.09061591814583358	15	48	enormous	hf_max_blocks
2048	feat_aq_map_p95	48	0.3204900416555869	0.03639221200000042	0.17662382099999974	0.006622736373363841	0.037615766016020354	0.11355177156833203	0.5511054886061255	48	0	0.0	0.05833131077083339	18	48	enormous	hf_max_blocks
2048	feat_aq_map_p99	48	0.19695743321723203	0.026346922000000106	0.15062189099999923	0.004785483698524971	0.02694307721393111	0.13376962508919915	0.76474336885713	48	0	0.0	0.049516866624999954	11	48	enormous	hf_max_blocks
2048	feat_aq_map_std	48	0.4361446504121974	0.05731844900000027	0.1618032450000002	0.03147341413082947	0.08421524149967208	0.1314207315069186	0.37098527941837883	48	0	0.0	0.07575279469583342	27	48	material	hf_max_blocks
2048	feat_aspect_min_over_max	48	0.0	0.0	0.0	0.0	0.0	nan	nan	0	0	0.0	0.0	0	0	unscored	none
2048	feat_bitmap_bytes	48	0.0	0.0	0.0	0.0	0.0	nan	nan	0	0	0.0	0.0	0	0	unscored	none
2048	feat_block_misalignment_32	48	0.0	0.0	0.0	0.0	0.0	nan	nan	0	0	0.0	0.0	0	0	unscored	none
2048	feat_block_misalignment_8	48	0.0	0.0	0.0	0.0	0.0	nan	nan	0	0	0.0	0.0	0	0	unscored	none
2048	feat_cb_horiz_sharpness	48	0.032232451930120955	0.00039499951500000016	0.003150001200000002	0.027022022244267238	0.055714242566531944	0.012254715088270291	0.09772763197876214	47	0	0.0009087501184958335	0.0	15	47	material	pixel_budget
2048	feat_cb_peak_sharpness	48	21.05720342239734	0.0	7.0	0.0	1.0	0.0	0.3324278091246676	18	0	1.4791666666666667	0.0	18	18	material	pixel_budget
2048	feat_cb_sharpness	48	0.003481451929714692	0.00023993197850000008	0.0028446889480000003	0.05758771996812477	0.8666434667804367	0.06891721711052398	0.8170984420954291	48	0	0.0007624759891041666	0.0	32	48	enormous	pixel_budget
2048	feat_cb_vert_sharpness	48	0.036135344634908306	0.0015499964299999919	0.005129999480000001	0.24575140986934213	0.46874997965624954	0.042894192532555185	0.1419662530364855	47	0	0.0021999995828687487	0.0	25	47	material	pixel_budget
2048	feat_channel_count	48	0.0	0.0	0.0	0.0	0.0	nan	nan	0	0	0.0	0.0	0	0	unscored	none
2048	feat_chroma_complexity	48	0.06251315740379096	0.0025198012000000047	0.011216565979999996	0.014791590351032164	0.08010449349193104	0.0403083335516692	0.17942728292459909	48	0	0.0029772852112499976	0.0	25	48	material	pixel_budget
2048	feat_chroma_luma_covariance_cb	48	0.12411425228969235	0.010173726849999995	0.02915242319	0.07138361980438708	0.3203135632032082	0.08197065737667035	0.23488376759468338	48	0	0.012804038988375002	0.0	33	48	material	pixel_budget
2048	feat_chroma_luma_covariance_cr	48	0.09938274074262513	0.0050323810400000005	0.02033337949999997	0.14966135907750786	0.49269740759571873	0.050636368069507456	0.2045966869907323	48	0	0.006969691740624998	0.0	19	48	material	pixel_budget
2048	feat_chroma_subsample_dct_loss	48	0.7793972975260214	0.0	0.0	0.0	0.0	0.0	0.0	0	0	0.0	0.0	0	0	under-noise	none
2048	feat_colourfulness	48	25.10439020313189	0.7259139999999995	3.5727920499999897	0.014989973162440749	0.06695247357066175	0.02891581887177002	0.14231742022374505	48	0	1.1515192177083335	0.0	34	48	material	pixel_budget
2048	feat_cr_horiz_sharpness	48	0.18537747800819906	0.0004849997379999995	0.01815003159999995	0.01821853883013387	0.05091386017509804	0.0026162818871586354	0.09790850428549466	48	0	0.004090837648437495	0.0	14	48	material	pixel_budget
2048	feat_cr_peak_sharpness	48	53.553695146916695	1.0	44.0	0.06904761904761905	0.2802547770700637	0.018672847826030434	0.8216053043453391	30	0	8.354166666666666	0.0	28	30	enormous	pixel_budget
2048	feat_cr_sharpness	48	0.003006217107497032	0.00026182475300000005	0.0022270653860000005	0.052073900802226424	0.8014140993260611	0.08709442586400375	0.7408198763974998	48	0	0.0005820755951666669	0.0	27	48	enormous	pixel_budget
2048	feat_cr_vert_sharpness	48	0.20663007991894056	0.005165000449999999	0.06665003300000005	0.17830862056754793	0.5729090814458832	0.024996362833650313	0.3225572628445305	48	0	0.020231042504770837	0.0	12	48	material	pixel_budget
2048	feat_dct_compressibility_uv	48	8.888717972284093	1.0276794439999999	1.8505249030000002	0.09002880909121781	0.6201402219651608	0.11561616053118196	0.20818805465198928	48	0	0.0	0.9550746278645833	10	48	material	hf_max_blocks
2048	feat_dct_compressibility_y	48	12.319391938011403	2.521820069999997	18.875900270000002	0.13109253096006368	0.45307206056918975	0.20470329077029667	1.53221038546217	48	0	0.0	5.312101364729167	28	48	enormous	hf_max_blocks
2048	feat_distinct_color_bins	48	4591.431411849928	0.0	0.0	0.0	0.0	0.0	0.0	0	0	0.0	0.0	0	0	under-noise	none
2048	feat_edge_density	48	0.0833272649068493	0.004772067099999999	0.01105833799	0.02263396942448626	0.14170594977978845	0.057268975590818255	0.1327097199501508	48	0	0.005439837855208328	0.0	14	48	material	pixel_budget
2048	feat_edge_slope_stdev	48	16.96307767245771	1.2852935800000012	3.6424636799999988	0.03684099605055156	0.11874282811841026	0.07577006984333287	0.21472893954344885	48	0	1.5549454285416668	0.0	23	48	material	pixel_budget
2048	feat_effective_bit_depth	48	0.0	0.0	0.0	0.0	0.0	nan	nan	0	0	0.0	0.0	0	0	unscored	none
2048	feat_flat_color_block_ratio	48	0.2637450127935832	0.005096435539999999	0.020095825199999973	0.016978356609071044	0.09732142869942859	0.019323343732716047	0.07619414292291367	48	0	0.007429758708208327	0.0	15	48	material	pixel_budget
2048	feat_gamut_coverage_p3	48	0.0	0.0	0.0	0.0	0.0	nan	nan	0	0	0.0	0.0	0	0	unscored	none
2048	feat_gamut_coverage_srgb	48	0.0	0.0	0.0	0.0	0.0	nan	nan	0	0	0.0	0.0	0	0	unscored	none
2048	feat_gradient_fraction	48	0.11140804879625413	0.017669677725000013	0.0501708984	0.07309757076238424	0.32280092596148147	0.15860324200915474	0.4503345937936119	48	0	0.0	0.021849632255208334	11	48	material	hf_max_blocks
2048	feat_gradient_fraction_smooth	48	0.19790358010728737	0.01911157370000005	0.06515473129999994	0.03476255165192513	0.21442399484471283	0.09657012616769892	0.3292246217308363	48	0	0.0	0.02536337295	24	48	material	hf_max_blocks
2048	feat_grayscale_score	48	0.16896506432143793	0.0	0.0	0.0	0.0	0.0	0.0	0	0	0.0	0.0	0	0	under-noise	none
2048	feat_hdr_headroom_stops	48	0.0	0.0	0.0	0.0	0.0	nan	nan	0	0	0.0	0.0	0	0	unscored	none
2048	feat_hdr_pixel_fraction	48	0.0	0.0	0.0	0.0	0.0	nan	nan	0	0	0.0	0.0	0	0	unscored	none
2048	feat_hdr_present	48	0.0	0.0	0.0	0.0	0.0	nan	nan	0	0	0.0	0.0	0	0	unscored	none
2048	feat_high_freq_energy_ratio	48	0.11147554142259342	0.028321176799999986	0.1895266771	0.14770261911480173	0.5205203830082085	0.25405731552033495	1.7001637729797785	48	0	0.0	0.04891932337125	15	48	enormous	hf_max_blocks
2048	feat_highlight_chroma_mean	48	0.0	0.0	0.0	0.0	0.0	nan	nan	0	0	0.0	0.0	0	0	unscored	none
2048	feat_highlight_chroma_std	48	0.0	0.0	0.0	0.0	0.0	nan	nan	0	0	0.0	0.0	0	0	unscored	none
2048	feat_highlight_edge_count	48	0.0	0.0	0.0	0.0	0.0	nan	nan	0	0	0.0	0.0	0	0	unscored	none
2048	feat_highlight_luma_mean	48	0.0	0.0	0.0	0.0	0.0	nan	nan	0	0	0.0	0.0	0	0	unscored	none
2048	feat_highlight_luma_std	48	0.0	0.0	0.0	0.0	0.0	nan	nan	0	0	0.0	0.0	0	0	unscored	none
2048	feat_highlight_orientation_ratio	48	0.0	0.0	0.0	0.0	0.0	nan	nan	0	0	0.0	0.0	0	0	unscored	none
2048	feat_info_weight_mean	48	0.5923169136149304	0.2645701764999999	0.692706346	0.15322764208529838	0.35015557018033333	0.44666996740869525	1.1694860134457237	48	0	0.0	0.29952973489583334	37	48	enormous	hf_max_blocks
2048	feat_info_weight_p90	48	1.4622669365749228	0.20026063899999968	1.0056395530000009	0.03384864316099746	0.20376846661149936	0.136952176097937	0.6877263841823004	48	0	0.0	0.28910942383333343	15	48	enormous	hf_max_blocks
2048	feat_is_grayscale	48	0.0	0.0	0.0	0.0	0.0	nan	nan	0	0	0.0	0.0	0	0	unscored	none
2048	feat_laplacian_variance	48	5.624908062459283	0.5056804419999998	1.6395006199999997	0.10057594319301516	0.21919399621953511	0.08990021461415848	0.291471540831405	48	0	0.6171099120395831	0.0	30	48	material	pixel_budget
2048	feat_laplacian_variance_p1	48	0.0	0.0	0.0	0.0	0.0	nan	nan	0	0	0.0	0.0	0	0	unscored	none
2048	feat_laplacian_variance_p10	48	0.19982631347136331	0.0	0.0	0.0	0.0	0.0	0.0	0	0	0.0	0.0	0	0	under-noise	none
2048	feat_laplacian_variance_p5	48	0.0	0.0	0.0	0.0	0.0	nan	nan	0	0	0.0	0.0	0	0	unscored	none
2048	feat_laplacian_variance_p50	48	2.805005446617806	0.0	1.0	0.0	0.3333333333333333	0.0	0.35650554661338396	3	0	0.08333333333333333	0.0	3	3	material	pixel_budget
2048	feat_laplacian_variance_p75	48	16.123869469412938	0.0	5.0	0.0	0.1282051282051282	0.0	0.3100992605704868	17	0	0.8541666666666666	0.0	17	17	material	pixel_budget
2048	feat_laplacian_variance_p90	48	44.21962234121861	2.0	15.0	0.05185185185185185	0.45454545454545453	0.04522878971166002	0.33921592283745017	37	0	5.104166666666667	0.0	24	37	material	pixel_budget
2048	feat_laplacian_variance_p99	48	64.39153981157428	1.5	19.0	0.011510854341736695	0.09876543209876543	0.02329498571379679	0.295069819041426	35	0	4.145833333333333	0.0	26	35	material	pixel_budget
2048	feat_laplacian_variance_peak	48	0.0	0.0	0.0	0.0	0.0	nan	nan	0	0	0.0	0.0	0	0	unscored	none
2048	feat_log_aspect_abs	48	0.0	0.0	0.0	0.0	0.0	nan	nan	0	0	0.0	0.0	0	0	unscored	none
2048	feat_log_padded_pixels_16	48	0.0	0.0	0.0	0.0	0.0	nan	nan	0	0	0.0	0.0	0	0	unscored	none
2048	feat_log_padded_pixels_32	48	0.0	0.0	0.0	0.0	0.0	nan	nan	0	0	0.0	0.0	0	0	unscored	none
2048	feat_log_padded_pixels_8	48	0.0	0.0	0.0	0.0	0.0	nan	nan	0	0	0.0	0.0	0	0	unscored	none
2048	feat_log_pixels	48	0.0	0.0	0.0	0.0	0.0	nan	nan	0	0	0.0	0.0	0	0	unscored	none
2048	feat_luma_histogram_entropy	48	0.5508934007003277	0.0	0.0	0.0	0.0	0.0	0.0	0	0	0.0	0.0	0	0	under-noise	none
2048	feat_luma_kurtosis	48	9.748940952446688	1.0057291949999998	3.08627319	0.0802324899310419	0.15146348404012655	0.1031629178908497	0.3165752264840048	48	0	1.2450321163541669	0.0	23	48	material	pixel_budget
2048	feat_max_dim	48	0.0	0.0	0.0	0.0	0.0	nan	nan	0	0	0.0	0.0	0	0	unscored	none
2048	feat_min_dim	48	0.0	0.0	0.0	0.0	0.0	nan	nan	0	0	0.0	0.0	0	0	unscored	none
2048	feat_noise_floor_uv	48	0.003779956603368884	0.0	0.0013471362179999996	0.0	3238.822543	0.0	0.35638933441705795	9	0	0.0	0.00013188138091126727	6	9	material	hf_max_blocks
2048	feat_noise_floor_uv_p25	48	0.010085840434112894	0.0	0.00890823414482323	0.0	1.0136602169326145	0.0	0.8832416299878494	21	0	0.0	0.0017678590995846317	12	21	enormous	hf_max_blocks
2048	feat_noise_floor_uv_p50	48	0.026055035140145313	8.097056355e-10	0.019167659809999998	0.006312962755317346	0.9999999993824915	3.107674317630892e-08	0.7356604858485367	24	0	0.0	0.004915420335260757	12	24	enormous	hf_max_blocks
2048	feat_noise_floor_uv_p75	48	0.06870991961077025	0.01469404995000001	0.119637683	0.29892978407619886	0.9999974458052979	0.21385631118824253	1.741199577553382	38	0	0.0	0.02763256282627015	22	38	enormous	hf_max_blocks
2048	feat_noise_floor_uv_p90	48	0.29543268238342385	0.04993855205	0.18506187200000002	0.18506187200000002	0.5789517338551494	0.16903529984264853	0.6264096121898242	48	0	0.0	0.06658491276145832	16	48	enormous	hf_max_blocks
2048	feat_noise_floor_y	48	0.014623365434009467	0.0	0.01791877858	0.0	0.9999776031867662	0.0	1.2253525811730324	19	0	0.0	0.0028153474917116694	12	19	enormous	hf_max_blocks
2048	feat_noise_floor_y_p1	48	0.0059418399089566564	0.0	0.0025512920709999994	0.0	0.23429162056872332	0.0	0.4293774504348751	7	0	0.0	0.00030262292376871696	4	7	material	hf_max_blocks
2048	feat_noise_floor_y_p10	48	0.014623365434009467	0.0	0.01791877858	0.0	0.9999776031867662	0.0	1.2253525811730324	19	0	0.0	0.0028153474917116694	12	19	enormous	hf_max_blocks
2048	feat_noise_floor_y_p25	48	0.03829634576492227	3.7841363850000005e-08	0.0694546191253572	0.23670703685519012	335068.81256211037	9.881194430999993e-07	1.8136095686960951	36	0	0.0	0.015434137753965066	23	36	enormous	hf_max_blocks
2048	feat_noise_floor_y_p5	48	0.010554483459886495	0.0	0.0177434221909842	0.0	167867.4305213748	0.0	1.6811265334225096	17	0	0.0	0.002624765295232175	11	17	enormous	hf_max_blocks
2048	feat_noise_floor_y_p50	48	0.18007902468379453	0.036660962755	0.560226202	0.17576246373103052	1.4649377172328362	0.20358263723037118	3.1110019780688827	36	0	0.0	0.09673482647576777	24	36	enormous	hf_max_blocks
2048	feat_noise_floor_y_p75	48	0.2509550475330485	0.19739285115	0.6255903542000001	0.3547611946236729	0.9249358584489209	0.7865665707481144	2.4928383005231867	35	0	0.0	0.25476286622625	28	35	enormous	hf_max_blocks
2048	feat_noise_floor_y_p90	48	0.050700199798158874	0.0	0.09119766949999997	0.0	0.09119766949999997	0.0	1.7987635130248878	3	0	0.0	0.011354436477083332	3	3	enormous	hf_max_blocks
2048	feat_orientation_energy_ratio	48	0.02960361838811658	0.0021409390000000084	0.006818653000000063	0.001852832779632046	0.006219177528619925	0.07232017964599285	0.23033174224192784	48	0	0.002671703791666702	0.0	19	48	material	pixel_budget
2048	feat_p99_luminance_nits	48	0.0	0.0	0.0	0.0	0.0	nan	nan	0	0	0.0	0.0	0	0	unscored	none
2048	feat_palette_density	48	0.14011936681113216	0.0	0.0	0.0	0.0	0.0	0.0	0	0	0.0	0.0	0	0	under-noise	none
2048	feat_palette_fits_in_256	48	0.0	0.0	0.0	0.0	0.0	nan	nan	0	0	0.0	0.0	0	0	unscored	none
2048	feat_palette_log2_size	48	1.4753471813629344	0.0	0.0	0.0	0.0	0.0	0.0	0	0	0.0	0.0	0	0	under-noise	none
2048	feat_patch_fraction	48	0.3917910824659471	0.018272399905	0.13412475589999995	0.11170789937777775	21.15624999936	0.04663812098527833	0.3423374392694543	31	0	0.0	0.033586184180041674	15	31	material	hf_max_blocks
2048	feat_patch_fraction_fast	48	0.3909147835436905	0.014617919949999975	0.09909057619999995	0.09357090636051464	1.9213362070068967	0.037394134387773045	0.25348382913977235	32	0	0.0	0.027126948039770827	18	32	material	hf_max_blocks
2048	feat_peak_luminance_nits	48	0.0	0.0	0.0	0.0	0.0	nan	nan	0	0	0.0	0.0	0	0	unscored	none
2048	feat_pixel_count	48	0.0	0.0	0.0	0.0	0.0	nan	nan	0	0	0.0	0.0	0	0	unscored	none
2048	feat_quant_survival_uv	48	0.007634423118610879	0.0018044123379999995	0.007405117150000005	0.1769091891202753	0.49074939541512325	0.236352152607481	0.9699642048851232	48	0	0.0	0.002484518611020833	29	48	enormous	hf_max_blocks
2048	feat_quant_survival_uv_p10	48	0.0	0.0	0.0	0.0	0.0	nan	nan	0	0	0.0	0.0	0	0	unscored	none
2048	feat_quant_survival_uv_p25	48	0.0	0.0	0.0	0.0	0.0	nan	nan	0	0	0.0	0.0	0	0	unscored	none
2048	feat_quant_survival_uv_p50	48	0.0	0.0	0.0	0.0	0.0	nan	nan	1	0	0.0	0.00033068784979166664	1	1	unscored	hf_max_blocks
2048	feat_quant_survival_uv_p75	48	0.010160246285196293	0.0	0.01587301679	0.0	15873016790.0	0.0	1.5622669317698865	12	0	0.0	0.0039682541975	12	12	enormous	hf_max_blocks
2048	feat_quant_survival_y	48	0.02687156373766724	0.011767193694999997	0.043011858999999986	0.16291625388408648	0.4085225783788127	0.4379050586663597	1.6006459251832847	48	0	0.0	0.01569636794145833	37	48	enormous	hf_max_blocks
2048	feat_quant_survival_y_p1	48	0.0	0.0	0.0	0.0	0.0	nan	nan	0	0	0.0	0.0	0	0	unscored	none
2048	feat_quant_survival_y_p10	48	0.0	0.0	0.0	0.0	0.0	nan	nan	0	0	0.0	0.0	0	0	unscored	none
2048	feat_quant_survival_y_p25	48	0.002267081678720969	0.0	0.0	0.0	0.0	0.0	0.0	1	0	0.0	0.00033068784979166664	1	1	under-noise	hf_max_blocks
2048	feat_quant_survival_y_p5	48	0.0	0.0	0.0	0.0	0.0	nan	nan	0	0	0.0	0.0	0	0	unscored	none
2048	feat_quant_survival_y_p50	48	0.020617001246378098	0.0	0.06349206343	0.0	1.9999998825050067	0.0	3.079597399799061	20	0	0.0	0.012235449976666667	20	20	enormous	hf_max_blocks
2048	feat_quant_survival_y_p75	48	0.068489913692401	0.0476190485	0.09523809701	0.6000000138347995	1.0	0.6952709666691165	1.39054193348424	43	0	0.0	0.04199735694979167	37	43	enormous	hf_max_blocks
2048	feat_skin_tone_fraction	48	0.12173633316995532	0.001412034034999999	0.00614738469999998	0.02724370618696409	0.09411309067193231	0.011599117520885627	0.05049753463017204	48	0	0.002548625076791665	0.0	27	48	material	pixel_budget
2048	feat_spectral_slope_y	48	0.14356350666080978	0.03531575185000002	0.10768014190000008	0.03741456910491756	0.11764584974257106	0.2459939344713748	0.750052324609279	48	0	0.0	0.04607989252708334	15	48	enormous	hf_max_blocks
2048	feat_uniformity	48	0.1517327119959851	0.008171081450000006	0.02407836919999995	0.012891652761182669	0.04017681711941614	0.053851811797947804	0.15868937477791256	48	0	0.009589513135416677	0.0	16	48	material	pixel_budget
2048	feat_variance	48	2670.873098495873	84.99438450000025	217.640625	0.018240187969509335	0.03550100810148076	0.031822696685913546	0.08148669628765454	48	0	97.91901389583334	0.0	30	48	material	pixel_budget
2048	feat_variance_spread	48	0.23459231512746737	0.019912600599999997	0.1251991990000001	0.0169602862064981	0.10712217383822646	0.08488172593880727	0.5336884071925896	48	0	0.03765483196666666	0.0	19	48	enormous	pixel_budget
2048	feat_wide_gamut_fraction	48	0.0	0.0	0.0	0.0	0.0	nan	nan	0	0	0.0	0.0	0	0	unscored	none
2048	feat_wide_gamut_peak	48	0.0	0.0	0.0	0.0	0.0	nan	nan	0	0	0.0	0.0	0	0	unscored	none
2048	feat_xyb444_color_loss	48	0.020678897660329456	0.0	0.0	0.0	0.0	0.0	0.0	0	0	0.0	0.0	0	0	under-noise	none
2048	feat_xyb_bquarter_chroma_loss	48	0.8885724910208689	0.0	0.0	0.0	0.0	0.0	0.0	0	0	0.0	0.0	0	0	under-noise	none
4096	feat_alpha_bimodal_score	48	0.0	0.0	0.0	0.0	0.0	nan	nan	0	0	0.0	0.0	0	0	unscored	none
4096	feat_alpha_present	48	0.0	0.0	0.0	0.0	0.0	nan	nan	0	0	0.0	0.0	0	0	unscored	none
4096	feat_alpha_used_fraction	48	0.0	0.0	0.0	0.0	0.0	nan	nan	0	0	0.0	0.0	0	0	unscored	none
4096	feat_aq_map_mean	48	0.6604107769938639	0.2128514050000001	0.4031615249999998	0.0962798101665698	0.21316849387443212	0.3223015317358726	0.6104708448810576	48	0	0.0	0.2349553181666667	8	48	enormous	hf_max_blocks
4096	feat_aq_map_p1	48	0.16264237190145997	0.0	7.0555105854e-10	0.0	0.9999999999252505	0.0	4.338051949755577e-09	8	0	0.0	0.029232001576988156	8	8	under-noise	hf_max_blocks
4096	feat_aq_map_p10	48	0.5884146724615157	4.9969618705e-11	0.7760368583000001	0.22241516003429718	2.0231697561894877	8.492245527454651e-11	1.3188604815947305	38	0	0.0	0.13212101654669345	25	38	enormous	hf_max_blocks
4096	feat_aq_map_p5	48	0.4316040734143089	0.0	1.1571352479173633	0.0	13672281425.824139	0.0	2.6810109523841232	23	0	0.0	0.18796901153702908	16	23	enormous	hf_max_blocks
4096	feat_aq_map_p50	48	1.5850275182397853	0.12104439699999991	0.8391761779999998	0.17300693480875456	2.665665227622488	0.0763673788669757	0.5294395007929749	48	0	0.0	0.24063814935711617	23	48	enormous	hf_max_blocks
4096	feat_aq_map_p75	48	0.6356157552790508	0.42368745799999985	1.6499307150000004	0.10661133062411218	0.3949655547360862	0.6665779670832589	2.595798957619672	48	0	0.0	0.6720555125416667	17	48	enormous	hf_max_blocks
4096	feat_aq_map_p90	48	0.4428239516066046	0.07596540449999978	0.40252304000000017	0.015478482148635609	0.09412740686225755	0.17154764150491533	0.908991120601338	48	0	0.0	0.1259255307500001	8	48	enormous	hf_max_blocks
4096	feat_aq_map_p95	48	0.3681709780226612	0.11219620700000021	0.3162312510000005	0.01984311714518465	0.06886321625682941	0.30473941102737995	0.8589249828935083	48	0	0.0	0.10591674858333348	15	48	enormous	hf_max_blocks
4096	feat_aq_map_p99	48	0.23641391160130304	0.03943276399999984	0.21679925900000008	0.0071222098160688896	0.04282725173764179	0.1667954467353879	0.9170325787156645	47	0	0.0	0.06448739766666677	13	47	enormous	hf_max_blocks
4096	feat_aq_map_std	48	0.48440660722489337	0.14801788400000015	0.36936783800000006	0.06902705180049876	0.14732826708781227	0.30556536965500253	0.7625161021565406	48	0	0.0	0.16599801952083335	15	48	enormous	hf_max_blocks
4096	feat_aspect_min_over_max	48	0.0	0.0	0.0	0.0	0.0	nan	nan	0	0	0.0	0.0	0	0	unscored	none
4096	feat_bitmap_bytes	48	0.0	0.0	0.0	0.0	0.0	nan	nan	0	0	0.0	0.0	0	0	unscored	none
4096	feat_block_misalignment_32	48	0.0	0.0	0.0	0.0	0.0	nan	nan	0	0	0.0	0.0	0	0	unscored	none
4096	feat_block_misalignment_8	48	0.0	0.0	0.0	0.0	0.0	nan	nan	0	0	0.0	0.0	0	0	unscored	none
4096	feat_cb_horiz_sharpness	48	0.03264282136646746	0.0009800000109999986	0.00951999798	0.035974206541070364	0.2927680505183431	0.030021915078906433	0.2916413956110876	47	0	0.0028999991472291663	0.0	4	47	material	pixel_budget
4096	feat_cb_peak_sharpness	48	22.388458087942446	0.5	9.0	0.043478260869565216	0.7857142857142857	0.02233293592778864	0.4019928467001955	24	0	2.1041666666666665	0.0	21	24	material	pixel_budget
4096	feat_cb_sharpness	48	0.0030141326049263843	0.0003804848525	0.0008608074859999997	0.057032606944339884	0.19404335467443637	0.12623361423386772	0.285590449668031	48	0	0.0004392605437291667	0.0	1	48	material	pixel_budget
4096	feat_cb_vert_sharpness	48	0.03607991966461044	0.0026200003900000005	0.008750000033999998	0.1253704549357786	0.7325280392746566	0.07261658047897122	0.24251717064055922	48	0	0.0032722920216875003	0.0	12	48	material	pixel_budget
4096	feat_channel_count	48	0.0	0.0	0.0	0.0	0.0	nan	nan	0	0	0.0	0.0	0	0	unscored	none
4096	feat_chroma_complexity	48	0.06057723727757916	0.0017684996000000008	0.008347883800000011	0.01111407479452831	0.05326347302587141	0.029194127686878808	0.1378056209752195	48	0	0.0030281301670833324	0.0	7	48	material	pixel_budget
4096	feat_chroma_luma_covariance_cb	48	0.04686118216901203	0.010561790315000007	0.0177449435	0.07561655527401152	0.12291839577061434	0.22538463235748712	0.37867041928221407	48	0	0.009120796752791668	0.0	5	48	material	pixel_budget
4096	feat_chroma_luma_covariance_cr	48	0.04781250575296888	0.0037921145450000027	0.03185646980000001	0.10706582107224047	1.3150311397333332	0.07931219009086413	0.6662790267590589	48	0	0.007663624907312501	0.0	6	48	enormous	pixel_budget
4096	feat_chroma_subsample_dct_loss	48	0.7205341784192791	0.0	0.0	0.0	0.0	0.0	0.0	0	0	0.0	0.0	0	0	under-noise	none
4096	feat_colourfulness	48	24.30071694140433	0.6838188199999955	2.8456764200000038	0.012175085026266456	0.05213764754583248	0.02813986194929432	0.11710257054809155	48	0	1.1064499283333344	0.0	10	48	material	pixel_budget
4096	feat_cr_horiz_sharpness	48	0.1969308313877512	0.004815000105000005	0.027099996799999998	0.04008810290467172	0.2046398029234438	0.024450209604403726	0.13761175235502296	48	0	0.010825002758791663	0.0	7	48	material	pixel_budget
4096	feat_cr_peak_sharpness	48	50.860085173826526	6.0	44.0	0.12094155844155843	0.8181818181818182	0.11797070294895422	0.865118488292331	44	0	12.645833333333334	0.0	32	44	enormous	pixel_budget
4096	feat_cr_sharpness	48	0.002796699668948201	0.00017097009999999992	0.0006737243399999992	0.04156603103244072	0.16416738143519813	0.06113280660711751	0.24089978179651209	48	0	0.0002648781490208333	0.0	2	48	material	pixel_budget
4096	feat_cr_vert_sharpness	48	0.2624586368597411	0.032705000600000006	0.12736999979999997	0.37112437302219614	0.8047028080289093	0.12461011377376652	0.4852955167486715	48	0	0.0491672927261875	0.0	12	48	material	pixel_budget
4096	feat_dct_compressibility_uv	48	8.075380821719898	2.0097579955000002	4.430961610000001	0.3016303081300402	0.815997037090909	0.24887470199479225	0.5487000189616188	48	0	0.0	2.140500147895833	10	48	enormous	hf_max_blocks
4096	feat_dct_compressibility_y	48	17.738632749019615	4.256492609999999	9.064788819999997	0.15548949985079674	0.785007369147213	0.2399560704719617	0.5110195891789345	48	0	0.0	4.6739372418333325	11	48	enormous	hf_max_blocks
4096	feat_distinct_color_bins	48	6786.912217202343	0.0	0.0	0.0	0.0	0.0	0.0	0	0	0.0	0.0	0	0	under-noise	none
4096	feat_edge_density	48	0.06801816640522812	0.005652680989999992	0.012880593539999999	0.03895698345040151	0.1530771551879691	0.08310545974325921	0.1893699024943129	48	0	0.005703562250624995	0.0	2	48	material	pixel_budget
4096	feat_edge_slope_stdev	48	16.23943687588767	1.1458473200000014	4.234027860000005	0.02286660507819053	0.10734293816619797	0.07055954764671407	0.2607250419062679	48	0	1.4854864666666672	0.0	0	48	material	pixel_budget
4096	feat_effective_bit_depth	48	0.0	0.0	0.0	0.0	0.0	nan	nan	0	0	0.0	0.0	0	0	unscored	none
4096	feat_flat_color_block_ratio	48	0.26510783626577183	0.009240727889999995	0.03512394429999999	0.01453811781970086	0.14363540989561197	0.03485648715693233	0.13248927227027749	48	0	0.010405198054166667	0.0	3	48	material	pixel_budget
4096	feat_gamut_coverage_p3	48	0.0	0.0	0.0	0.0	0.0	nan	nan	0	0	0.0	0.0	0	0	unscored	none
4096	feat_gamut_coverage_srgb	48	0.0	0.0	0.0	0.0	0.0	nan	nan	0	0	0.0	0.0	0	0	unscored	none
4096	feat_gradient_fraction	48	0.10547330045891268	0.034362793	0.0905761719	0.1749177631438597	0.35499924873846156	0.32579612897755195	0.8587592452867645	48	0	0.0	0.0371414820375	8	48	enormous	hf_max_blocks
4096	feat_gradient_fraction_smooth	48	0.18809644753394317	0.026125527850000024	0.07830858229999993	0.09123619629113311	0.17456241245425427	0.13889431827406262	0.4163214315138443	48	0	0.0	0.035557286506249994	6	48	material	hf_max_blocks
4096	feat_grayscale_score	48	0.17004107206321964	0.0	0.0	0.0	0.0	0.0	0.0	0	0	0.0	0.0	0	0	under-noise	none
4096	feat_hdr_headroom_stops	48	0.0	0.0	0.0	0.0	0.0	nan	nan	0	0	0.0	0.0	0	0	unscored	none
4096	feat_hdr_pixel_fraction	48	0.0	0.0	0.0	0.0	0.0	nan	nan	0	0	0.0	0.0	0	0	unscored	none
4096	feat_hdr_present	48	0.0	0.0	0.0	0.0	0.0	nan	nan	0	0	0.0	0.0	0	0	unscored	none
4096	feat_high_freq_energy_ratio	48	0.1186580910187344	0.04387866705000001	0.18279670180000002	0.3102185829371453	0.49803374882768037	0.3697907717314633	1.5405329736101945	48	0	0.0	0.058149007855	7	48	enormous	hf_max_blocks
4096	feat_highlight_chroma_mean	48	0.0	0.0	0.0	0.0	0.0	nan	nan	0	0	0.0	0.0	0	0	unscored	none
4096	feat_highlight_chroma_std	48	0.0	0.0	0.0	0.0	0.0	nan	nan	0	0	0.0	0.0	0	0	unscored	none
4096	feat_highlight_edge_count	48	0.0	0.0	0.0	0.0	0.0	nan	nan	0	0	0.0	0.0	0	0	unscored	none
4096	feat_highlight_luma_mean	48	0.0	0.0	0.0	0.0	0.0	nan	nan	0	0	0.0	0.0	0	0	unscored	none
4096	feat_highlight_luma_std	48	0.0	0.0	0.0	0.0	0.0	nan	nan	0	0	0.0	0.0	0	0	unscored	none
4096	feat_highlight_orientation_ratio	48	0.0	0.0	0.0	0.0	0.0	nan	nan	0	0	0.0	0.0	0	0	unscored	none
4096	feat_info_weight_mean	48	0.806103253972028	0.329599023	0.6497367619999999	0.1639406002359769	0.5136850134928881	0.40887941014494056	0.8060217581289479	48	0	0.0	0.31968770296666665	6	48	enormous	hf_max_blocks
4096	feat_info_weight_p90	48	1.4370933138837583	0.24961137850000004	1.2674884799999995	0.04279208735480545	0.3445094869257782	0.17369183760616277	0.8819806394997413	48	0	0.0	0.4069545368541667	8	48	enormous	hf_max_blocks
4096	feat_is_grayscale	48	0.0	0.0	0.0	0.0	0.0	nan	nan	0	0	0.0	0.0	0	0	unscored	none
4096	feat_laplacian_variance	48	11.06899804723553	0.8957099900000003	2.881275179999996	0.0691886754217647	0.237869844184304	0.08092060240481322	0.2603013540796126	48	0	1.0317529191666666	0.0	2	48	material	pixel_budget
4096	feat_laplacian_variance_p1	48	0.0	0.0	0.0	0.0	0.0	nan	nan	0	0	0.0	0.0	0	0	unscored	none
4096	feat_laplacian_variance_p10	48	0.0	0.0	0.0	0.0	0.0	nan	nan	0	0	0.0	0.0	0	0	unscored	none
4096	feat_laplacian_variance_p5	48	0.0	0.0	0.0	0.0	0.0	nan	nan	0	0	0.0	0.0	0	0	unscored	none
4096	feat_laplacian_variance_p50	48	2.3048861143232218	0.0	1.0	0.0	0.16666666666666666	0.0	0.4338609156373123	4	0	0.08333333333333333	0.0	2	4	material	pixel_budget
4096	feat_laplacian_variance_p75	48	14.565882415959411	0.0	5.0	0.0	0.14285714285714285	0.0	0.34326790902291276	18	0	0.7083333333333334	0.0	13	18	material	pixel_budget
4096	feat_laplacian_variance_p90	48	41.68480855046463	4.5	12.0	0.05202702702702703	0.5833333333333334	0.10795299670267627	0.2878746578738034	44	0	5.145833333333333	0.0	6	44	material	pixel_budget
4096	feat_laplacian_variance_p99	48	55.71093159610199	2.0	18.0	0.016632160110420978	0.10344827586206896	0.03589959712933497	0.3230963741640147	28	0	4.895833333333333	0.0	5	28	material	pixel_budget
4096	feat_laplacian_variance_peak	48	0.0	0.0	0.0	0.0	0.0	nan	nan	0	0	0.0	0.0	0	0	unscored	none
4096	feat_log_aspect_abs	48	0.0	0.0	0.0	0.0	0.0	nan	nan	0	0	0.0	0.0	0	0	unscored	none
4096	feat_log_padded_pixels_16	48	0.0	0.0	0.0	0.0	0.0	nan	nan	0	0	0.0	0.0	0	0	unscored	none
4096	feat_log_padded_pixels_32	48	0.0	0.0	0.0	0.0	0.0	nan	nan	0	0	0.0	0.0	0	0	unscored	none
4096	feat_log_padded_pixels_8	48	0.0	0.0	0.0	0.0	0.0	nan	nan	0	0	0.0	0.0	0	0	unscored	none
4096	feat_log_pixels	48	0.0	0.0	0.0	0.0	0.0	nan	nan	0	0	0.0	0.0	0	0	unscored	none
4096	feat_luma_histogram_entropy	48	0.5300608018631147	0.0	0.0	0.0	0.0	0.0	0.0	0	0	0.0	0.0	0	0	under-noise	none
4096	feat_luma_kurtosis	48	6.243847935415307	0.9934225100000003	5.150232320000001	0.08858889131763249	0.2409107700664627	0.1591042127027591	0.8248490951849927	48	0	1.3749346842708332	0.0	2	48	enormous	pixel_budget
4096	feat_max_dim	48	0.0	0.0	0.0	0.0	0.0	nan	nan	0	0	0.0	0.0	0	0	unscored	none
4096	feat_min_dim	48	0.0	0.0	0.0	0.0	0.0	nan	nan	0	0	0.0	0.0	0	0	unscored	none
4096	feat_noise_floor_uv	48	0.0018491771618971704	0.0	0.004345668016636717	0.0	3238.822543	0.0	2.3500549899601086	18	0	0.0	0.0004589950640227654	16	18	enormous	hf_max_blocks
4096	feat_noise_floor_uv_p25	48	0.00842872947004775	0.0	0.019277425951000002	0.0	3238.822543	0.0	2.2871093466107877	20	0	0.0	0.00329119071638165	9	20	enormous	hf_max_blocks
4096	feat_noise_floor_uv_p50	48	0.021000460347354026	0.0016548518386910285	0.023230433470000006	0.3460784614845156	0.9999999993824915	0.07880074109420812	1.1061868685620002	38	0	0.0	0.006039612182742225	20	38	enormous	hf_max_blocks
4096	feat_noise_floor_uv_p75	48	0.05861272089494363	0.02006619796499999	0.21433232726	0.7298815847111628	6.741162873176454	0.3423522685624214	3.6567544380709665	48	0	0.0	0.05205290436226829	24	48	enormous	hf_max_blocks
4096	feat_noise_floor_uv_p90	48	0.32053578731237414	0.09998427704999999	0.1954855024	0.36374782651561527	5.383948702886599	0.31192859271143275	0.6098710663140152	48	0	0.0	0.10891155447270834	21	48	enormous	hf_max_blocks
4096	feat_noise_floor_y	48	0.01293459916922644	2.6191127485000005e-08	0.0227484875409842	0.07933102439798907	1.9768065888617783	2.024888992873706e-06	1.758731541917946	38	0	0.0	0.0036609978767191977	25	38	enormous	hf_max_blocks
4096	feat_noise_floor_y_p1	48	0.0024543250185965837	0.0	2.5276980867000004e-07	0.0	0.9999512654793137	0.0	0.00010298954162743175	7	0	0.0	0.00043736792370127896	7	7	under-noise	hf_max_blocks
4096	feat_noise_floor_y_p10	48	0.01293459916922644	2.6191127485000005e-08	0.0227484875409842	0.07933102439798907	1.9768065888617783	2.024888992873706e-06	1.758731541917946	38	0	0.0	0.0036609978767191977	25	38	enormous	hf_max_blocks
4096	feat_noise_floor_y_p25	48	0.025601584397076178	0.00608197608684565	0.05693312365	0.396015878075882	901795.171298709	0.23756248802868	2.2238125096860033	48	0	0.0	0.020634612516238826	38	48	enormous	hf_max_blocks
4096	feat_noise_floor_y_p5	48	0.008121920786816759	1.8146835149999973e-09	0.021535734190984198	0.006367960018753442	196571.6234321285	2.2343033903329043e-07	2.651556787643178	24	0	0.0	0.0037901112587373008	16	24	enormous	hf_max_blocks
4096	feat_noise_floor_y_p50	48	0.263955886341444	0.04149033131499998	0.3119324446	0.42323648131111746	0.9182740468354932	0.15718661133144632	1.1817597588882531	48	0	0.0	0.07124950000860307	22	48	enormous	hf_max_blocks
4096	feat_noise_floor_y_p75	48	0.19826132918627093	0.3051991463	0.8021244108000001	0.5363977539721948	0.8516202840911249	1.539378090284357	4.045793569992595	37	0	0.0	0.3125562739291667	11	37	enormous	hf_max_blocks
4096	feat_noise_floor_y_p90	48	0.035291755261330854	0.0	0.0	0.0	0.0	0.0	0.0	2	0	0.0	0.005178039270833333	2	2	under-noise	hf_max_blocks
4096	feat_orientation_energy_ratio	48	0.02840937070696666	0.0022674204999999503	0.005545855000000044	0.0019522776328379367	0.0047197666553078195	0.07981241553667799	0.19521217337771116	48	0	0.002671882645833341	0.0	4	48	material	pixel_budget
4096	feat_p99_luminance_nits	48	0.0	0.0	0.0	0.0	0.0	nan	nan	0	0	0.0	0.0	0	0	unscored	none
4096	feat_palette_density	48	0.2071201238149193	0.0	0.0	0.0	0.0	0.0	0.0	0	0	0.0	0.0	0	0	under-noise	none
4096	feat_palette_fits_in_256	48	0.0	0.0	0.0	0.0	0.0	nan	nan	0	0	0.0	0.0	0	0	unscored	none
4096	feat_palette_log2_size	48	1.6424014852918543	0.0	0.0	0.0	0.0	0.0	0.0	0	0	0.0	0.0	0	0	under-noise	none
4096	feat_patch_fraction	48	0.4101250162291925	0.023214340200000017	0.974609375	0.052977143491332215	41.666666666666664	0.056603082673276905	2.376371439033003	32	0	0.0	0.18697675069	19	32	enormous	hf_max_blocks
4096	feat_patch_fraction_fast	48	0.4051580011894139	0.023674011249999974	0.9560546875	0.059890630760780744	21.755555555555556	0.058431553074357837	2.3597082735459503	32	0	0.0	0.18034934997604166	17	32	enormous	hf_max_blocks
4096	feat_peak_luminance_nits	48	0.0	0.0	0.0	0.0	0.0	nan	nan	0	0	0.0	0.0	0	0	unscored	none
4096	feat_pixel_count	48	0.0	0.0	0.0	0.0	0.0	nan	nan	0	0	0.0	0.0	0	0	unscored	none
4096	feat_quant_survival_uv	48	0.006580578880812034	0.0026152473874999998	0.010684907439999999	0.2624250457681409	0.6463629147067218	0.3974190469968627	1.623703268895623	48	0	0.0	0.0034603357740833327	16	48	enormous	hf_max_blocks
4096	feat_quant_survival_uv_p10	48	0.0	0.0	0.0	0.0	0.0	nan	nan	0	0	0.0	0.0	0	0	unscored	none
4096	feat_quant_survival_uv_p25	48	0.0	0.0	0.0	0.0	0.0	nan	nan	0	0	0.0	0.0	0	0	unscored	none
4096	feat_quant_survival_uv_p50	48	0.0	0.0	0.0	0.0	0.0	nan	nan	0	0	0.0	0.0	0	0	unscored	none
4096	feat_quant_survival_uv_p75	48	0.0066713763780747075	0.0	0.03174603358	0.0	31746033580.0	0.0	4.758543332127453	15	0	0.0	0.0076058205452083335	15	15	enormous	hf_max_blocks
4096	feat_quant_survival_y	48	0.030792752685690053	0.011190261689999995	0.028326064349999992	0.12714826729689027	0.6279380045848841	0.36340569497706227	0.9198938672073843	48	0	0.0	0.013688629488541666	9	48	enormous	hf_max_blocks
4096	feat_quant_survival_y_p1	48	0.0	0.0	0.0	0.0	0.0	nan	nan	0	0	0.0	0.0	0	0	unscored	none
4096	feat_quant_survival_y_p10	48	0.0	0.0	0.0	0.0	0.0	nan	nan	0	0	0.0	0.0	0	0	unscored	none
4096	feat_quant_survival_y_p25	48	0.0	0.0	0.0	0.0	0.0	nan	nan	1	0	0.0	0.00033068784979166664	0	1	unscored	hf_max_blocks
4096	feat_quant_survival_y_p5	48	0.0	0.0	0.0	0.0	0.0	nan	nan	0	0	0.0	0.0	0	0	unscored	none
4096	feat_quant_survival_y_p50	48	0.03250680065355674	0.0	0.04761905221	0.0	1.0	0.0	1.4648950758797528	21	0	0.0	0.010582011308333333	12	21	enormous	hf_max_blocks
4096	feat_quant_survival_y_p75	48	0.078650195661481	0.047619044740000005	0.1111111119	0.508547007122939	1.0	0.6054536080870995	1.4127251809802777	42	0	0.0	0.04728836013895834	24	42	enormous	hf_max_blocks
4096	feat_skin_tone_fraction	48	0.11285476580626322	0.003135301199999996	0.013346135599999975	0.04727194167167928	0.0971157760513412	0.02778173502554903	0.1182593885570696	48	0	0.004421736542958334	0.0	6	48	material	pixel_budget
4096	feat_spectral_slope_y	48	0.2188262047329309	0.05765366499999991	0.25528275899999997	0.051415134053180794	0.16503789222393603	0.2634678285919368	1.1666004960948937	48	0	0.0	0.08684087035208332	8	48	enormous	hf_max_blocks
4096	feat_uniformity	48	0.1473513511724971	0.009220004050000008	0.03778481489999996	0.018001502805795214	0.05454493617518243	0.06257156094352061	0.25642666049099955	48	0	0.012074037764583323	0.0	2	48	material	pixel_budget
4096	feat_variance	48	2297.2014825194556	71.03418000000056	205.6938480000008	0.008373355828850543	0.032604672021312855	0.03092205039067528	0.08954105661398323	48	0	86.17323791666684	0.0	6	48	material	pixel_budget
4096	feat_variance_spread	48	0.19671694960079647	0.03927874600000003	0.12830364699999985	0.027928852578798142	0.10050380341210823	0.19967138611954666	0.652224667271276	48	0	0.053457208062500004	0.0	6	48	enormous	pixel_budget
4096	feat_wide_gamut_fraction	48	0.0	0.0	0.0	0.0	0.0	nan	nan	0	0	0.0	0.0	0	0	unscored	none
4096	feat_wide_gamut_peak	48	0.0	0.0	0.0	0.0	0.0	nan	nan	0	0	0.0	0.0	0	0	unscored	none
4096	feat_xyb444_color_loss	48	0.013818706333065403	0.0	0.0	0.0	0.0	0.0	0.0	0	0	0.0	0.0	0	0	under-noise	none
4096	feat_xyb_bquarter_chroma_loss	48	0.5116690105609288	0.0	0.0	0.0	0.0	0.0	0.0	0	0	0.0	0.0	0	0	under-noise	none
